AGATCGCAAGATCGCA,0,1,1,237.0,237.0
ATGCCTAAAGATCGCA,0,1,2,237.0,287.0
AGTGGTCAAGATCGCA,0,1,3,237.0,337.0
ACCACTGTAGATCGCA,0,1,4,237.0,387.0
ACATTGGCAGATCGCA,0,1,5,237.0,437.0
CAGATCTGAGATCGCA,0,1,6,237.0,487.0
CATCAAGTAGATCGCA,0,1,7,237.0,537.0
ACAAGCTAAGATCGCA,0,1,8,237.0,587.0
AGTACAAGAGATCGCA,0,1,9,237.0,637.0
AACAACCAAGATCGCA,0,1,10,237.0,687.0
AACCGAGAAGATCGCA,0,1,11,237.0,737.0
AACGCTTAAGATCGCA,0,1,12,237.0,787.0
AAGACGGAAGATCGCA,0,1,13,237.0,837.0
AAGGTACAAGATCGCA,0,1,14,237.0,887.0
ACACAGAAAGATCGCA,0,1,15,237.0,937.0
ACAGCAGAAGATCGCA,0,1,16,237.0,987.0
ACCTCCAAAGATCGCA,0,1,17,237.0,1037.0
ACGTATCAAGATCGCA,0,1,18,237.0,1087.0
ACTATGCAAGATCGCA,0,1,19,237.0,1137.0
AGAGTCAAAGATCGCA,0,1,20,237.0,1187.0
AACGTGATAGATCGCA,0,1,21,237.0,1237.0
AGCAGGAAAGATCGCA,0,1,22,237.0,1287.0
AGTCACTAAGATCGCA,0,1,23,237.0,1337.0
ATCCTGTAAGATCGCA,0,1,24,237.0,1387.0
GCCAAGACAGATCGCA,0,1,25,237.0,1437.0
CAACCACAAGATCGCA,0,1,26,237.0,1487.0
GACTAGTAAGATCGCA,0,1,27,237.0,1537.0
CAATGGAAAGATCGCA,1,1,28,237.0,1587.0
CACTTCGAAGATCGCA,1,1,29,237.0,1637.0
CAGCGTTAAGATCGCA,1,1,30,237.0,1687.0
CATACCAAAGATCGCA,1,1,31,237.0,1737.0
CCAGTTCAAGATCGCA,1,1,32,237.0,1787.0
CCGAAGTAAGATCGCA,1,1,33,237.0,1837.0
CGAACTTAAGATCGCA,1,1,34,237.0,1887.0
CGCATACAAGATCGCA,1,1,35,237.0,1937.0
CTCAATGAAGATCGCA,1,1,36,237.0,1987.0
CTGGCATAAGATCGCA,1,1,37,237.0,2037.0
GAATCTGAAGATCGCA,1,1,38,237.0,2087.0
CAAGACTAAGATCGCA,1,1,39,237.0,2137.0
GAGCTGAAAGATCGCA,1,1,40,237.0,2187.0
GATAGACAAGATCGCA,1,1,41,237.0,2237.0
GCCACATAAGATCGCA,1,1,42,237.0,2287.0
GCGAGTAAAGATCGCA,1,1,43,237.0,2337.0
GCTAACGAAGATCGCA,1,1,44,237.0,2387.0
GGAGAACAAGATCGCA,1,1,45,237.0,2437.0
GTACGCAAAGATCGCA,1,1,46,237.0,2487.0
GTCGTAGAAGATCGCA,1,1,47,237.0,2537.0
GTCTGTCAAGATCGCA,1,1,48,237.0,2587.0
GTGTTCTAAGATCGCA,1,1,49,237.0,2637.0
TAGGATGAAGATCGCA,1,1,50,237.0,2687.0
AGATCGCAATGCCTAA,0,2,1,287.0,237.0
ATGCCTAAATGCCTAA,0,2,2,287.0,287.0
AGTGGTCAATGCCTAA,0,2,3,287.0,337.0
ACCACTGTATGCCTAA,0,2,4,287.0,387.0
ACATTGGCATGCCTAA,0,2,5,287.0,437.0
CAGATCTGATGCCTAA,0,2,6,287.0,487.0
CATCAAGTATGCCTAA,0,2,7,287.0,537.0
ACAAGCTAATGCCTAA,0,2,8,287.0,587.0
AGTACAAGATGCCTAA,0,2,9,287.0,637.0
AACAACCAATGCCTAA,0,2,10,287.0,687.0
AACCGAGAATGCCTAA,0,2,11,287.0,737.0
AACGCTTAATGCCTAA,0,2,12,287.0,787.0
AAGACGGAATGCCTAA,0,2,13,287.0,837.0
AAGGTACAATGCCTAA,0,2,14,287.0,887.0
ACACAGAAATGCCTAA,0,2,15,287.0,937.0
ACAGCAGAATGCCTAA,0,2,16,287.0,987.0
ACCTCCAAATGCCTAA,0,2,17,287.0,1037.0
ACGTATCAATGCCTAA,0,2,18,287.0,1087.0
ACTATGCAATGCCTAA,0,2,19,287.0,1137.0
AGAGTCAAATGCCTAA,0,2,20,287.0,1187.0
AACGTGATATGCCTAA,0,2,21,287.0,1237.0
AGCAGGAAATGCCTAA,0,2,22,287.0,1287.0
AGTCACTAATGCCTAA,0,2,23,287.0,1337.0
ATCCTGTAATGCCTAA,0,2,24,287.0,1387.0
GCCAAGACATGCCTAA,0,2,25,287.0,1437.0
CAACCACAATGCCTAA,1,2,26,287.0,1487.0
GACTAGTAATGCCTAA,1,2,27,287.0,1537.0
CAATGGAAATGCCTAA,1,2,28,287.0,1587.0
CACTTCGAATGCCTAA,1,2,29,287.0,1637.0
CAGCGTTAATGCCTAA,1,2,30,287.0,1687.0
CATACCAAATGCCTAA,1,2,31,287.0,1737.0
CCAGTTCAATGCCTAA,1,2,32,287.0,1787.0
CCGAAGTAATGCCTAA,1,2,33,287.0,1837.0
CGAACTTAATGCCTAA,1,2,34,287.0,1887.0
CGCATACAATGCCTAA,1,2,35,287.0,1937.0
CTCAATGAATGCCTAA,1,2,36,287.0,1987.0
CTGGCATAATGCCTAA,1,2,37,287.0,2037.0
GAATCTGAATGCCTAA,1,2,38,287.0,2087.0
CAAGACTAATGCCTAA,1,2,39,287.0,2137.0
GAGCTGAAATGCCTAA,1,2,40,287.0,2187.0
GATAGACAATGCCTAA,1,2,41,287.0,2237.0
GCCACATAATGCCTAA,1,2,42,287.0,2287.0
GCGAGTAAATGCCTAA,1,2,43,287.0,2337.0
GCTAACGAATGCCTAA,1,2,44,287.0,2387.0
GGAGAACAATGCCTAA,1,2,45,287.0,2437.0
GTACGCAAATGCCTAA,1,2,46,287.0,2487.0
GTCGTAGAATGCCTAA,1,2,47,287.0,2537.0
GTCTGTCAATGCCTAA,1,2,48,287.0,2587.0
GTGTTCTAATGCCTAA,1,2,49,287.0,2637.0
TAGGATGAATGCCTAA,1,2,50,287.0,2687.0
AGATCGCAAGTGGTCA,0,3,1,337.0,237.0
ATGCCTAAAGTGGTCA,0,3,2,337.0,287.0
AGTGGTCAAGTGGTCA,0,3,3,337.0,337.0
ACCACTGTAGTGGTCA,0,3,4,337.0,387.0
ACATTGGCAGTGGTCA,0,3,5,337.0,437.0
CAGATCTGAGTGGTCA,0,3,6,337.0,487.0
CATCAAGTAGTGGTCA,0,3,7,337.0,537.0
ACAAGCTAAGTGGTCA,0,3,8,337.0,587.0
AGTACAAGAGTGGTCA,0,3,9,337.0,637.0
AACAACCAAGTGGTCA,0,3,10,337.0,687.0
AACCGAGAAGTGGTCA,0,3,11,337.0,737.0
AACGCTTAAGTGGTCA,0,3,12,337.0,787.0
AAGACGGAAGTGGTCA,0,3,13,337.0,837.0
AAGGTACAAGTGGTCA,0,3,14,337.0,887.0
ACACAGAAAGTGGTCA,0,3,15,337.0,937.0
ACAGCAGAAGTGGTCA,0,3,16,337.0,987.0
ACCTCCAAAGTGGTCA,0,3,17,337.0,1037.0
ACGTATCAAGTGGTCA,0,3,18,337.0,1087.0
ACTATGCAAGTGGTCA,0,3,19,337.0,1137.0
AGAGTCAAAGTGGTCA,0,3,20,337.0,1187.0
AACGTGATAGTGGTCA,0,3,21,337.0,1237.0
AGCAGGAAAGTGGTCA,0,3,22,337.0,1287.0
AGTCACTAAGTGGTCA,0,3,23,337.0,1337.0
ATCCTGTAAGTGGTCA,1,3,24,337.0,1387.0
GCCAAGACAGTGGTCA,1,3,25,337.0,1437.0
CAACCACAAGTGGTCA,1,3,26,337.0,1487.0
GACTAGTAAGTGGTCA,1,3,27,337.0,1537.0
CAATGGAAAGTGGTCA,1,3,28,337.0,1587.0
CACTTCGAAGTGGTCA,1,3,29,337.0,1637.0
CAGCGTTAAGTGGTCA,1,3,30,337.0,1687.0
CATACCAAAGTGGTCA,1,3,31,337.0,1737.0
CCAGTTCAAGTGGTCA,1,3,32,337.0,1787.0
CCGAAGTAAGTGGTCA,1,3,33,337.0,1837.0
CGAACTTAAGTGGTCA,1,3,34,337.0,1887.0
CGCATACAAGTGGTCA,1,3,35,337.0,1937.0
CTCAATGAAGTGGTCA,1,3,36,337.0,1987.0
CTGGCATAAGTGGTCA,1,3,37,337.0,2037.0
GAATCTGAAGTGGTCA,1,3,38,337.0,2087.0
CAAGACTAAGTGGTCA,1,3,39,337.0,2137.0
GAGCTGAAAGTGGTCA,1,3,40,337.0,2187.0
GATAGACAAGTGGTCA,1,3,41,337.0,2237.0
GCCACATAAGTGGTCA,1,3,42,337.0,2287.0
GCGAGTAAAGTGGTCA,1,3,43,337.0,2337.0
GCTAACGAAGTGGTCA,1,3,44,337.0,2387.0
GGAGAACAAGTGGTCA,1,3,45,337.0,2437.0
GTACGCAAAGTGGTCA,1,3,46,337.0,2487.0
GTCGTAGAAGTGGTCA,1,3,47,337.0,2537.0
GTCTGTCAAGTGGTCA,1,3,48,337.0,2587.0
GTGTTCTAAGTGGTCA,1,3,49,337.0,2637.0
TAGGATGAAGTGGTCA,1,3,50,337.0,2687.0
AGATCGCAACCACTGT,0,4,1,387.0,237.0
ATGCCTAAACCACTGT,0,4,2,387.0,287.0
AGTGGTCAACCACTGT,0,4,3,387.0,337.0
ACCACTGTACCACTGT,0,4,4,387.0,387.0
ACATTGGCACCACTGT,0,4,5,387.0,437.0
CAGATCTGACCACTGT,0,4,6,387.0,487.0
CATCAAGTACCACTGT,0,4,7,387.0,537.0
ACAAGCTAACCACTGT,0,4,8,387.0,587.0
AGTACAAGACCACTGT,0,4,9,387.0,637.0
AACAACCAACCACTGT,0,4,10,387.0,687.0
AACCGAGAACCACTGT,0,4,11,387.0,737.0
AACGCTTAACCACTGT,0,4,12,387.0,787.0
AAGACGGAACCACTGT,0,4,13,387.0,837.0
AAGGTACAACCACTGT,0,4,14,387.0,887.0
ACACAGAAACCACTGT,0,4,15,387.0,937.0
ACAGCAGAACCACTGT,0,4,16,387.0,987.0
ACCTCCAAACCACTGT,0,4,17,387.0,1037.0
ACGTATCAACCACTGT,0,4,18,387.0,1087.0
ACTATGCAACCACTGT,0,4,19,387.0,1137.0
AGAGTCAAACCACTGT,0,4,20,387.0,1187.0
AACGTGATACCACTGT,0,4,21,387.0,1237.0
AGCAGGAAACCACTGT,1,4,22,387.0,1287.0
AGTCACTAACCACTGT,1,4,23,387.0,1337.0
ATCCTGTAACCACTGT,1,4,24,387.0,1387.0
GCCAAGACACCACTGT,1,4,25,387.0,1437.0
CAACCACAACCACTGT,1,4,26,387.0,1487.0
GACTAGTAACCACTGT,1,4,27,387.0,1537.0
CAATGGAAACCACTGT,1,4,28,387.0,1587.0
CACTTCGAACCACTGT,1,4,29,387.0,1637.0
CAGCGTTAACCACTGT,1,4,30,387.0,1687.0
CATACCAAACCACTGT,1,4,31,387.0,1737.0
CCAGTTCAACCACTGT,1,4,32,387.0,1787.0
CCGAAGTAACCACTGT,1,4,33,387.0,1837.0
CGAACTTAACCACTGT,1,4,34,387.0,1887.0
CGCATACAACCACTGT,1,4,35,387.0,1937.0
CTCAATGAACCACTGT,1,4,36,387.0,1987.0
CTGGCATAACCACTGT,1,4,37,387.0,2037.0
GAATCTGAACCACTGT,1,4,38,387.0,2087.0
CAAGACTAACCACTGT,1,4,39,387.0,2137.0
GAGCTGAAACCACTGT,1,4,40,387.0,2187.0
GATAGACAACCACTGT,1,4,41,387.0,2237.0
GCCACATAACCACTGT,1,4,42,387.0,2287.0
GCGAGTAAACCACTGT,1,4,43,387.0,2337.0
GCTAACGAACCACTGT,1,4,44,387.0,2387.0
GGAGAACAACCACTGT,1,4,45,387.0,2437.0
GTACGCAAACCACTGT,1,4,46,387.0,2487.0
GTCGTAGAACCACTGT,1,4,47,387.0,2537.0
GTCTGTCAACCACTGT,1,4,48,387.0,2587.0
GTGTTCTAACCACTGT,1,4,49,387.0,2637.0
TAGGATGAACCACTGT,1,4,50,387.0,2687.0
AGATCGCAACATTGGC,0,5,1,437.0,237.0
ATGCCTAAACATTGGC,0,5,2,437.0,287.0
AGTGGTCAACATTGGC,0,5,3,437.0,337.0
ACCACTGTACATTGGC,0,5,4,437.0,387.0
ACATTGGCACATTGGC,0,5,5,437.0,437.0
CAGATCTGACATTGGC,0,5,6,437.0,487.0
CATCAAGTACATTGGC,0,5,7,437.0,537.0
ACAAGCTAACATTGGC,0,5,8,437.0,587.0
AGTACAAGACATTGGC,0,5,9,437.0,637.0
AACAACCAACATTGGC,0,5,10,437.0,687.0
AACCGAGAACATTGGC,0,5,11,437.0,737.0
AACGCTTAACATTGGC,0,5,12,437.0,787.0
AAGACGGAACATTGGC,0,5,13,437.0,837.0
AAGGTACAACATTGGC,0,5,14,437.0,887.0
ACACAGAAACATTGGC,0,5,15,437.0,937.0
ACAGCAGAACATTGGC,0,5,16,437.0,987.0
ACCTCCAAACATTGGC,0,5,17,437.0,1037.0
ACGTATCAACATTGGC,0,5,18,437.0,1087.0
ACTATGCAACATTGGC,0,5,19,437.0,1137.0
AGAGTCAAACATTGGC,0,5,20,437.0,1187.0
AACGTGATACATTGGC,1,5,21,437.0,1237.0
AGCAGGAAACATTGGC,1,5,22,437.0,1287.0
AGTCACTAACATTGGC,1,5,23,437.0,1337.0
ATCCTGTAACATTGGC,1,5,24,437.0,1387.0
GCCAAGACACATTGGC,1,5,25,437.0,1437.0
CAACCACAACATTGGC,1,5,26,437.0,1487.0
GACTAGTAACATTGGC,1,5,27,437.0,1537.0
CAATGGAAACATTGGC,1,5,28,437.0,1587.0
CACTTCGAACATTGGC,1,5,29,437.0,1637.0
CAGCGTTAACATTGGC,1,5,30,437.0,1687.0
CATACCAAACATTGGC,1,5,31,437.0,1737.0
CCAGTTCAACATTGGC,1,5,32,437.0,1787.0
CCGAAGTAACATTGGC,1,5,33,437.0,1837.0
CGAACTTAACATTGGC,1,5,34,437.0,1887.0
CGCATACAACATTGGC,1,5,35,437.0,1937.0
CTCAATGAACATTGGC,1,5,36,437.0,1987.0
CTGGCATAACATTGGC,1,5,37,437.0,2037.0
GAATCTGAACATTGGC,1,5,38,437.0,2087.0
CAAGACTAACATTGGC,1,5,39,437.0,2137.0
GAGCTGAAACATTGGC,1,5,40,437.0,2187.0
GATAGACAACATTGGC,1,5,41,437.0,2237.0
GCCACATAACATTGGC,1,5,42,437.0,2287.0
GCGAGTAAACATTGGC,1,5,43,437.0,2337.0
GCTAACGAACATTGGC,1,5,44,437.0,2387.0
GGAGAACAACATTGGC,1,5,45,437.0,2437.0
GTACGCAAACATTGGC,1,5,46,437.0,2487.0
GTCGTAGAACATTGGC,1,5,47,437.0,2537.0
GTCTGTCAACATTGGC,1,5,48,437.0,2587.0
GTGTTCTAACATTGGC,1,5,49,437.0,2637.0
TAGGATGAACATTGGC,1,5,50,437.0,2687.0
AGATCGCACAGATCTG,0,6,1,487.0,237.0
ATGCCTAACAGATCTG,0,6,2,487.0,287.0
AGTGGTCACAGATCTG,0,6,3,487.0,337.0
ACCACTGTCAGATCTG,0,6,4,487.0,387.0
ACATTGGCCAGATCTG,0,6,5,487.0,437.0
CAGATCTGCAGATCTG,0,6,6,487.0,487.0
CATCAAGTCAGATCTG,0,6,7,487.0,537.0
ACAAGCTACAGATCTG,0,6,8,487.0,587.0
AGTACAAGCAGATCTG,0,6,9,487.0,637.0
AACAACCACAGATCTG,0,6,10,487.0,687.0
AACCGAGACAGATCTG,0,6,11,487.0,737.0
AACGCTTACAGATCTG,0,6,12,487.0,787.0
AAGACGGACAGATCTG,0,6,13,487.0,837.0
AAGGTACACAGATCTG,0,6,14,487.0,887.0
ACACAGAACAGATCTG,0,6,15,487.0,937.0
ACAGCAGACAGATCTG,0,6,16,487.0,987.0
ACCTCCAACAGATCTG,0,6,17,487.0,1037.0
ACGTATCACAGATCTG,0,6,18,487.0,1087.0
ACTATGCACAGATCTG,1,6,19,487.0,1137.0
AGAGTCAACAGATCTG,1,6,20,487.0,1187.0
AACGTGATCAGATCTG,1,6,21,487.0,1237.0
AGCAGGAACAGATCTG,1,6,22,487.0,1287.0
AGTCACTACAGATCTG,1,6,23,487.0,1337.0
ATCCTGTACAGATCTG,1,6,24,487.0,1387.0
GCCAAGACCAGATCTG,1,6,25,487.0,1437.0
CAACCACACAGATCTG,1,6,26,487.0,1487.0
GACTAGTACAGATCTG,1,6,27,487.0,1537.0
CAATGGAACAGATCTG,1,6,28,487.0,1587.0
CACTTCGACAGATCTG,1,6,29,487.0,1637.0
CAGCGTTACAGATCTG,1,6,30,487.0,1687.0
CATACCAACAGATCTG,1,6,31,487.0,1737.0
CCAGTTCACAGATCTG,1,6,32,487.0,1787.0
CCGAAGTACAGATCTG,1,6,33,487.0,1837.0
CGAACTTACAGATCTG,1,6,34,487.0,1887.0
CGCATACACAGATCTG,1,6,35,487.0,1937.0
CTCAATGACAGATCTG,1,6,36,487.0,1987.0
CTGGCATACAGATCTG,1,6,37,487.0,2037.0
GAATCTGACAGATCTG,1,6,38,487.0,2087.0
CAAGACTACAGATCTG,1,6,39,487.0,2137.0
GAGCTGAACAGATCTG,1,6,40,487.0,2187.0
GATAGACACAGATCTG,1,6,41,487.0,2237.0
GCCACATACAGATCTG,1,6,42,487.0,2287.0
GCGAGTAACAGATCTG,1,6,43,487.0,2337.0
GCTAACGACAGATCTG,1,6,44,487.0,2387.0
GGAGAACACAGATCTG,1,6,45,487.0,2437.0
GTACGCAACAGATCTG,1,6,46,487.0,2487.0
GTCGTAGACAGATCTG,1,6,47,487.0,2537.0
GTCTGTCACAGATCTG,1,6,48,487.0,2587.0
GTGTTCTACAGATCTG,1,6,49,487.0,2637.0
TAGGATGACAGATCTG,1,6,50,487.0,2687.0
AGATCGCACATCAAGT,0,7,1,537.0,237.0
ATGCCTAACATCAAGT,0,7,2,537.0,287.0
AGTGGTCACATCAAGT,0,7,3,537.0,337.0
ACCACTGTCATCAAGT,0,7,4,537.0,387.0
ACATTGGCCATCAAGT,0,7,5,537.0,437.0
CAGATCTGCATCAAGT,0,7,6,537.0,487.0
CATCAAGTCATCAAGT,0,7,7,537.0,537.0
ACAAGCTACATCAAGT,0,7,8,537.0,587.0
AGTACAAGCATCAAGT,0,7,9,537.0,637.0
AACAACCACATCAAGT,0,7,10,537.0,687.0
AACCGAGACATCAAGT,0,7,11,537.0,737.0
AACGCTTACATCAAGT,0,7,12,537.0,787.0
AAGACGGACATCAAGT,0,7,13,537.0,837.0
AAGGTACACATCAAGT,0,7,14,537.0,887.0
ACACAGAACATCAAGT,0,7,15,537.0,937.0
ACAGCAGACATCAAGT,0,7,16,537.0,987.0
ACCTCCAACATCAAGT,1,7,17,537.0,1037.0
ACGTATCACATCAAGT,1,7,18,537.0,1087.0
ACTATGCACATCAAGT,1,7,19,537.0,1137.0
AGAGTCAACATCAAGT,1,7,20,537.0,1187.0
AACGTGATCATCAAGT,1,7,21,537.0,1237.0
AGCAGGAACATCAAGT,1,7,22,537.0,1287.0
AGTCACTACATCAAGT,1,7,23,537.0,1337.0
ATCCTGTACATCAAGT,1,7,24,537.0,1387.0
GCCAAGACCATCAAGT,1,7,25,537.0,1437.0
CAACCACACATCAAGT,1,7,26,537.0,1487.0
GACTAGTACATCAAGT,1,7,27,537.0,1537.0
CAATGGAACATCAAGT,1,7,28,537.0,1587.0
CACTTCGACATCAAGT,1,7,29,537.0,1637.0
CAGCGTTACATCAAGT,1,7,30,537.0,1687.0
CATACCAACATCAAGT,1,7,31,537.0,1737.0
CCAGTTCACATCAAGT,1,7,32,537.0,1787.0
CCGAAGTACATCAAGT,1,7,33,537.0,1837.0
CGAACTTACATCAAGT,1,7,34,537.0,1887.0
CGCATACACATCAAGT,1,7,35,537.0,1937.0
CTCAATGACATCAAGT,1,7,36,537.0,1987.0
CTGGCATACATCAAGT,1,7,37,537.0,2037.0
GAATCTGACATCAAGT,1,7,38,537.0,2087.0
CAAGACTACATCAAGT,1,7,39,537.0,2137.0
GAGCTGAACATCAAGT,1,7,40,537.0,2187.0
GATAGACACATCAAGT,1,7,41,537.0,2237.0
GCCACATACATCAAGT,1,7,42,537.0,2287.0
GCGAGTAACATCAAGT,1,7,43,537.0,2337.0
GCTAACGACATCAAGT,1,7,44,537.0,2387.0
GGAGAACACATCAAGT,1,7,45,537.0,2437.0
GTACGCAACATCAAGT,1,7,46,537.0,2487.0
GTCGTAGACATCAAGT,1,7,47,537.0,2537.0
GTCTGTCACATCAAGT,1,7,48,537.0,2587.0
GTGTTCTACATCAAGT,1,7,49,537.0,2637.0
TAGGATGACATCAAGT,1,7,50,537.0,2687.0
AGATCGCAACAAGCTA,0,8,1,587.0,237.0
ATGCCTAAACAAGCTA,0,8,2,587.0,287.0
AGTGGTCAACAAGCTA,0,8,3,587.0,337.0
ACCACTGTACAAGCTA,0,8,4,587.0,387.0
ACATTGGCACAAGCTA,0,8,5,587.0,437.0
CAGATCTGACAAGCTA,0,8,6,587.0,487.0
CATCAAGTACAAGCTA,0,8,7,587.0,537.0
ACAAGCTAACAAGCTA,0,8,8,587.0,587.0
AGTACAAGACAAGCTA,0,8,9,587.0,637.0
AACAACCAACAAGCTA,0,8,10,587.0,687.0
AACCGAGAACAAGCTA,0,8,11,587.0,737.0
AACGCTTAACAAGCTA,0,8,12,587.0,787.0
AAGACGGAACAAGCTA,0,8,13,587.0,837.0
AAGGTACAACAAGCTA,0,8,14,587.0,887.0
ACACAGAAACAAGCTA,0,8,15,587.0,937.0
ACAGCAGAACAAGCTA,1,8,16,587.0,987.0
ACCTCCAAACAAGCTA,1,8,17,587.0,1037.0
ACGTATCAACAAGCTA,1,8,18,587.0,1087.0
ACTATGCAACAAGCTA,1,8,19,587.0,1137.0
AGAGTCAAACAAGCTA,1,8,20,587.0,1187.0
AACGTGATACAAGCTA,1,8,21,587.0,1237.0
AGCAGGAAACAAGCTA,1,8,22,587.0,1287.0
AGTCACTAACAAGCTA,1,8,23,587.0,1337.0
ATCCTGTAACAAGCTA,1,8,24,587.0,1387.0
GCCAAGACACAAGCTA,1,8,25,587.0,1437.0
CAACCACAACAAGCTA,1,8,26,587.0,1487.0
GACTAGTAACAAGCTA,1,8,27,587.0,1537.0
CAATGGAAACAAGCTA,1,8,28,587.0,1587.0
CACTTCGAACAAGCTA,1,8,29,587.0,1637.0
CAGCGTTAACAAGCTA,1,8,30,587.0,1687.0
CATACCAAACAAGCTA,1,8,31,587.0,1737.0
CCAGTTCAACAAGCTA,1,8,32,587.0,1787.0
CCGAAGTAACAAGCTA,1,8,33,587.0,1837.0
CGAACTTAACAAGCTA,1,8,34,587.0,1887.0
CGCATACAACAAGCTA,1,8,35,587.0,1937.0
CTCAATGAACAAGCTA,1,8,36,587.0,1987.0
CTGGCATAACAAGCTA,1,8,37,587.0,2037.0
GAATCTGAACAAGCTA,1,8,38,587.0,2087.0
CAAGACTAACAAGCTA,1,8,39,587.0,2137.0
GAGCTGAAACAAGCTA,1,8,40,587.0,2187.0
GATAGACAACAAGCTA,1,8,41,587.0,2237.0
GCCACATAACAAGCTA,1,8,42,587.0,2287.0
GCGAGTAAACAAGCTA,1,8,43,587.0,2337.0
GCTAACGAACAAGCTA,1,8,44,587.0,2387.0
GGAGAACAACAAGCTA,1,8,45,587.0,2437.0
GTACGCAAACAAGCTA,1,8,46,587.0,2487.0
GTCGTAGAACAAGCTA,1,8,47,587.0,2537.0
GTCTGTCAACAAGCTA,1,8,48,587.0,2587.0
GTGTTCTAACAAGCTA,1,8,49,587.0,2637.0
TAGGATGAACAAGCTA,1,8,50,587.0,2687.0
AGATCGCAAGTACAAG,0,9,1,637.0,237.0
ATGCCTAAAGTACAAG,0,9,2,637.0,287.0
AGTGGTCAAGTACAAG,0,9,3,637.0,337.0
ACCACTGTAGTACAAG,0,9,4,637.0,387.0
ACATTGGCAGTACAAG,0,9,5,637.0,437.0
CAGATCTGAGTACAAG,0,9,6,637.0,487.0
CATCAAGTAGTACAAG,0,9,7,637.0,537.0
ACAAGCTAAGTACAAG,0,9,8,637.0,587.0
AGTACAAGAGTACAAG,0,9,9,637.0,637.0
AACAACCAAGTACAAG,0,9,10,637.0,687.0
AACCGAGAAGTACAAG,0,9,11,637.0,737.0
AACGCTTAAGTACAAG,0,9,12,637.0,787.0
AAGACGGAAGTACAAG,0,9,13,637.0,837.0
AAGGTACAAGTACAAG,0,9,14,637.0,887.0
ACACAGAAAGTACAAG,1,9,15,637.0,937.0
ACAGCAGAAGTACAAG,1,9,16,637.0,987.0
ACCTCCAAAGTACAAG,1,9,17,637.0,1037.0
ACGTATCAAGTACAAG,1,9,18,637.0,1087.0
ACTATGCAAGTACAAG,1,9,19,637.0,1137.0
AGAGTCAAAGTACAAG,1,9,20,637.0,1187.0
AACGTGATAGTACAAG,1,9,21,637.0,1237.0
AGCAGGAAAGTACAAG,1,9,22,637.0,1287.0
AGTCACTAAGTACAAG,1,9,23,637.0,1337.0
ATCCTGTAAGTACAAG,1,9,24,637.0,1387.0
GCCAAGACAGTACAAG,1,9,25,637.0,1437.0
CAACCACAAGTACAAG,1,9,26,637.0,1487.0
GACTAGTAAGTACAAG,1,9,27,637.0,1537.0
CAATGGAAAGTACAAG,1,9,28,637.0,1587.0
CACTTCGAAGTACAAG,1,9,29,637.0,1637.0
CAGCGTTAAGTACAAG,1,9,30,637.0,1687.0
CATACCAAAGTACAAG,1,9,31,637.0,1737.0
CCAGTTCAAGTACAAG,1,9,32,637.0,1787.0
CCGAAGTAAGTACAAG,1,9,33,637.0,1837.0
CGAACTTAAGTACAAG,1,9,34,637.0,1887.0
CGCATACAAGTACAAG,1,9,35,637.0,1937.0
CTCAATGAAGTACAAG,1,9,36,637.0,1987.0
CTGGCATAAGTACAAG,1,9,37,637.0,2037.0
GAATCTGAAGTACAAG,1,9,38,637.0,2087.0
CAAGACTAAGTACAAG,1,9,39,637.0,2137.0
GAGCTGAAAGTACAAG,1,9,40,637.0,2187.0
GATAGACAAGTACAAG,1,9,41,637.0,2237.0
GCCACATAAGTACAAG,1,9,42,637.0,2287.0
GCGAGTAAAGTACAAG,1,9,43,637.0,2337.0
GCTAACGAAGTACAAG,1,9,44,637.0,2387.0
GGAGAACAAGTACAAG,1,9,45,637.0,2437.0
GTACGCAAAGTACAAG,1,9,46,637.0,2487.0
GTCGTAGAAGTACAAG,1,9,47,637.0,2537.0
GTCTGTCAAGTACAAG,1,9,48,637.0,2587.0
GTGTTCTAAGTACAAG,1,9,49,637.0,2637.0
TAGGATGAAGTACAAG,1,9,50,637.0,2687.0
AGATCGCAAACAACCA,0,10,1,687.0,237.0
ATGCCTAAAACAACCA,0,10,2,687.0,287.0
AGTGGTCAAACAACCA,0,10,3,687.0,337.0
ACCACTGTAACAACCA,0,10,4,687.0,387.0
ACATTGGCAACAACCA,0,10,5,687.0,437.0
CAGATCTGAACAACCA,0,10,6,687.0,487.0
CATCAAGTAACAACCA,0,10,7,687.0,537.0
ACAAGCTAAACAACCA,0,10,8,687.0,587.0
AGTACAAGAACAACCA,0,10,9,687.0,637.0
AACAACCAAACAACCA,0,10,10,687.0,687.0
AACCGAGAAACAACCA,0,10,11,687.0,737.0
AACGCTTAAACAACCA,0,10,12,687.0,787.0
AAGACGGAAACAACCA,1,10,13,687.0,837.0
AAGGTACAAACAACCA,1,10,14,687.0,887.0
ACACAGAAAACAACCA,1,10,15,687.0,937.0
ACAGCAGAAACAACCA,1,10,16,687.0,987.0
ACCTCCAAAACAACCA,1,10,17,687.0,1037.0
ACGTATCAAACAACCA,1,10,18,687.0,1087.0
ACTATGCAAACAACCA,1,10,19,687.0,1137.0
AGAGTCAAAACAACCA,1,10,20,687.0,1187.0
AACGTGATAACAACCA,1,10,21,687.0,1237.0
AGCAGGAAAACAACCA,1,10,22,687.0,1287.0
AGTCACTAAACAACCA,1,10,23,687.0,1337.0
ATCCTGTAAACAACCA,1,10,24,687.0,1387.0
GCCAAGACAACAACCA,1,10,25,687.0,1437.0
CAACCACAAACAACCA,1,10,26,687.0,1487.0
GACTAGTAAACAACCA,1,10,27,687.0,1537.0
CAATGGAAAACAACCA,1,10,28,687.0,1587.0
CACTTCGAAACAACCA,1,10,29,687.0,1637.0
CAGCGTTAAACAACCA,1,10,30,687.0,1687.0
CATACCAAAACAACCA,1,10,31,687.0,1737.0
CCAGTTCAAACAACCA,1,10,32,687.0,1787.0
CCGAAGTAAACAACCA,1,10,33,687.0,1837.0
CGAACTTAAACAACCA,1,10,34,687.0,1887.0
CGCATACAAACAACCA,1,10,35,687.0,1937.0
CTCAATGAAACAACCA,1,10,36,687.0,1987.0
CTGGCATAAACAACCA,1,10,37,687.0,2037.0
GAATCTGAAACAACCA,1,10,38,687.0,2087.0
CAAGACTAAACAACCA,1,10,39,687.0,2137.0
GAGCTGAAAACAACCA,1,10,40,687.0,2187.0
GATAGACAAACAACCA,1,10,41,687.0,2237.0
GCCACATAAACAACCA,1,10,42,687.0,2287.0
GCGAGTAAAACAACCA,1,10,43,687.0,2337.0
GCTAACGAAACAACCA,1,10,44,687.0,2387.0
GGAGAACAAACAACCA,1,10,45,687.0,2437.0
GTACGCAAAACAACCA,1,10,46,687.0,2487.0
GTCGTAGAAACAACCA,1,10,47,687.0,2537.0
GTCTGTCAAACAACCA,1,10,48,687.0,2587.0
GTGTTCTAAACAACCA,1,10,49,687.0,2637.0
TAGGATGAAACAACCA,1,10,50,687.0,2687.0
AGATCGCAAACCGAGA,0,11,1,737.0,237.0
ATGCCTAAAACCGAGA,0,11,2,737.0,287.0
AGTGGTCAAACCGAGA,0,11,3,737.0,337.0
ACCACTGTAACCGAGA,0,11,4,737.0,387.0
ACATTGGCAACCGAGA,0,11,5,737.0,437.0
CAGATCTGAACCGAGA,0,11,6,737.0,487.0
CATCAAGTAACCGAGA,0,11,7,737.0,537.0
ACAAGCTAAACCGAGA,0,11,8,737.0,587.0
AGTACAAGAACCGAGA,0,11,9,737.0,637.0
AACAACCAAACCGAGA,0,11,10,737.0,687.0
AACCGAGAAACCGAGA,0,11,11,737.0,737.0
AACGCTTAAACCGAGA,1,11,12,737.0,787.0
AAGACGGAAACCGAGA,1,11,13,737.0,837.0
AAGGTACAAACCGAGA,1,11,14,737.0,887.0
ACACAGAAAACCGAGA,1,11,15,737.0,937.0
ACAGCAGAAACCGAGA,1,11,16,737.0,987.0
ACCTCCAAAACCGAGA,1,11,17,737.0,1037.0
ACGTATCAAACCGAGA,1,11,18,737.0,1087.0
ACTATGCAAACCGAGA,1,11,19,737.0,1137.0
AGAGTCAAAACCGAGA,1,11,20,737.0,1187.0
AACGTGATAACCGAGA,1,11,21,737.0,1237.0
AGCAGGAAAACCGAGA,1,11,22,737.0,1287.0
AGTCACTAAACCGAGA,1,11,23,737.0,1337.0
ATCCTGTAAACCGAGA,1,11,24,737.0,1387.0
GCCAAGACAACCGAGA,1,11,25,737.0,1437.0
CAACCACAAACCGAGA,1,11,26,737.0,1487.0
GACTAGTAAACCGAGA,1,11,27,737.0,1537.0
CAATGGAAAACCGAGA,1,11,28,737.0,1587.0
CACTTCGAAACCGAGA,1,11,29,737.0,1637.0
CAGCGTTAAACCGAGA,1,11,30,737.0,1687.0
CATACCAAAACCGAGA,1,11,31,737.0,1737.0
CCAGTTCAAACCGAGA,1,11,32,737.0,1787.0
CCGAAGTAAACCGAGA,1,11,33,737.0,1837.0
CGAACTTAAACCGAGA,1,11,34,737.0,1887.0
CGCATACAAACCGAGA,1,11,35,737.0,1937.0
CTCAATGAAACCGAGA,1,11,36,737.0,1987.0
CTGGCATAAACCGAGA,1,11,37,737.0,2037.0
GAATCTGAAACCGAGA,1,11,38,737.0,2087.0
CAAGACTAAACCGAGA,1,11,39,737.0,2137.0
GAGCTGAAAACCGAGA,1,11,40,737.0,2187.0
GATAGACAAACCGAGA,1,11,41,737.0,2237.0
GCCACATAAACCGAGA,1,11,42,737.0,2287.0
GCGAGTAAAACCGAGA,1,11,43,737.0,2337.0
GCTAACGAAACCGAGA,1,11,44,737.0,2387.0
GGAGAACAAACCGAGA,1,11,45,737.0,2437.0
GTACGCAAAACCGAGA,1,11,46,737.0,2487.0
GTCGTAGAAACCGAGA,1,11,47,737.0,2537.0
GTCTGTCAAACCGAGA,1,11,48,737.0,2587.0
GTGTTCTAAACCGAGA,1,11,49,737.0,2637.0
TAGGATGAAACCGAGA,1,11,50,737.0,2687.0
AGATCGCAAACGCTTA,0,12,1,787.0,237.0
ATGCCTAAAACGCTTA,0,12,2,787.0,287.0
AGTGGTCAAACGCTTA,0,12,3,787.0,337.0
ACCACTGTAACGCTTA,0,12,4,787.0,387.0
ACATTGGCAACGCTTA,0,12,5,787.0,437.0
CAGATCTGAACGCTTA,0,12,6,787.0,487.0
CATCAAGTAACGCTTA,0,12,7,787.0,537.0
ACAAGCTAAACGCTTA,0,12,8,787.0,587.0
AGTACAAGAACGCTTA,0,12,9,787.0,637.0
AACAACCAAACGCTTA,0,12,10,787.0,687.0
AACCGAGAAACGCTTA,1,12,11,787.0,737.0
AACGCTTAAACGCTTA,1,12,12,787.0,787.0
AAGACGGAAACGCTTA,1,12,13,787.0,837.0
AAGGTACAAACGCTTA,1,12,14,787.0,887.0
ACACAGAAAACGCTTA,1,12,15,787.0,937.0
ACAGCAGAAACGCTTA,1,12,16,787.0,987.0
ACCTCCAAAACGCTTA,1,12,17,787.0,1037.0
ACGTATCAAACGCTTA,1,12,18,787.0,1087.0
ACTATGCAAACGCTTA,1,12,19,787.0,1137.0
AGAGTCAAAACGCTTA,1,12,20,787.0,1187.0
AACGTGATAACGCTTA,1,12,21,787.0,1237.0
AGCAGGAAAACGCTTA,1,12,22,787.0,1287.0
AGTCACTAAACGCTTA,1,12,23,787.0,1337.0
ATCCTGTAAACGCTTA,1,12,24,787.0,1387.0
GCCAAGACAACGCTTA,1,12,25,787.0,1437.0
CAACCACAAACGCTTA,1,12,26,787.0,1487.0
GACTAGTAAACGCTTA,1,12,27,787.0,1537.0
CAATGGAAAACGCTTA,1,12,28,787.0,1587.0
CACTTCGAAACGCTTA,1,12,29,787.0,1637.0
CAGCGTTAAACGCTTA,1,12,30,787.0,1687.0
CATACCAAAACGCTTA,1,12,31,787.0,1737.0
CCAGTTCAAACGCTTA,1,12,32,787.0,1787.0
CCGAAGTAAACGCTTA,1,12,33,787.0,1837.0
CGAACTTAAACGCTTA,1,12,34,787.0,1887.0
CGCATACAAACGCTTA,1,12,35,787.0,1937.0
CTCAATGAAACGCTTA,1,12,36,787.0,1987.0
CTGGCATAAACGCTTA,1,12,37,787.0,2037.0
GAATCTGAAACGCTTA,1,12,38,787.0,2087.0
CAAGACTAAACGCTTA,1,12,39,787.0,2137.0
GAGCTGAAAACGCTTA,1,12,40,787.0,2187.0
GATAGACAAACGCTTA,1,12,41,787.0,2237.0
GCCACATAAACGCTTA,1,12,42,787.0,2287.0
GCGAGTAAAACGCTTA,1,12,43,787.0,2337.0
GCTAACGAAACGCTTA,1,12,44,787.0,2387.0
GGAGAACAAACGCTTA,1,12,45,787.0,2437.0
GTACGCAAAACGCTTA,1,12,46,787.0,2487.0
GTCGTAGAAACGCTTA,1,12,47,787.0,2537.0
GTCTGTCAAACGCTTA,1,12,48,787.0,2587.0
GTGTTCTAAACGCTTA,1,12,49,787.0,2637.0
TAGGATGAAACGCTTA,1,12,50,787.0,2687.0
AGATCGCAAAGACGGA,0,13,1,837.0,237.0
ATGCCTAAAAGACGGA,0,13,2,837.0,287.0
AGTGGTCAAAGACGGA,0,13,3,837.0,337.0
ACCACTGTAAGACGGA,0,13,4,837.0,387.0
ACATTGGCAAGACGGA,0,13,5,837.0,437.0
CAGATCTGAAGACGGA,0,13,6,837.0,487.0
CATCAAGTAAGACGGA,0,13,7,837.0,537.0
ACAAGCTAAAGACGGA,0,13,8,837.0,587.0
AGTACAAGAAGACGGA,0,13,9,837.0,637.0
AACAACCAAAGACGGA,1,13,10,837.0,687.0
AACCGAGAAAGACGGA,1,13,11,837.0,737.0
AACGCTTAAAGACGGA,1,13,12,837.0,787.0
AAGACGGAAAGACGGA,1,13,13,837.0,837.0
AAGGTACAAAGACGGA,1,13,14,837.0,887.0
ACACAGAAAAGACGGA,1,13,15,837.0,937.0
ACAGCAGAAAGACGGA,1,13,16,837.0,987.0
ACCTCCAAAAGACGGA,1,13,17,837.0,1037.0
ACGTATCAAAGACGGA,1,13,18,837.0,1087.0
ACTATGCAAAGACGGA,1,13,19,837.0,1137.0
AGAGTCAAAAGACGGA,1,13,20,837.0,1187.0
AACGTGATAAGACGGA,1,13,21,837.0,1237.0
AGCAGGAAAAGACGGA,1,13,22,837.0,1287.0
AGTCACTAAAGACGGA,1,13,23,837.0,1337.0
ATCCTGTAAAGACGGA,1,13,24,837.0,1387.0
GCCAAGACAAGACGGA,1,13,25,837.0,1437.0
CAACCACAAAGACGGA,1,13,26,837.0,1487.0
GACTAGTAAAGACGGA,1,13,27,837.0,1537.0
CAATGGAAAAGACGGA,1,13,28,837.0,1587.0
CACTTCGAAAGACGGA,1,13,29,837.0,1637.0
CAGCGTTAAAGACGGA,1,13,30,837.0,1687.0
CATACCAAAAGACGGA,1,13,31,837.0,1737.0
CCAGTTCAAAGACGGA,1,13,32,837.0,1787.0
CCGAAGTAAAGACGGA,1,13,33,837.0,1837.0
CGAACTTAAAGACGGA,1,13,34,837.0,1887.0
CGCATACAAAGACGGA,1,13,35,837.0,1937.0
CTCAATGAAAGACGGA,1,13,36,837.0,1987.0
CTGGCATAAAGACGGA,1,13,37,837.0,2037.0
GAATCTGAAAGACGGA,1,13,38,837.0,2087.0
CAAGACTAAAGACGGA,1,13,39,837.0,2137.0
GAGCTGAAAAGACGGA,1,13,40,837.0,2187.0
GATAGACAAAGACGGA,1,13,41,837.0,2237.0
GCCACATAAAGACGGA,1,13,42,837.0,2287.0
GCGAGTAAAAGACGGA,1,13,43,837.0,2337.0
GCTAACGAAAGACGGA,1,13,44,837.0,2387.0
GGAGAACAAAGACGGA,1,13,45,837.0,2437.0
GTACGCAAAAGACGGA,1,13,46,837.0,2487.0
GTCGTAGAAAGACGGA,1,13,47,837.0,2537.0
GTCTGTCAAAGACGGA,1,13,48,837.0,2587.0
GTGTTCTAAAGACGGA,1,13,49,837.0,2637.0
TAGGATGAAAGACGGA,1,13,50,837.0,2687.0
AGATCGCAAAGGTACA,0,14,1,887.0,237.0
ATGCCTAAAAGGTACA,0,14,2,887.0,287.0
AGTGGTCAAAGGTACA,0,14,3,887.0,337.0
ACCACTGTAAGGTACA,0,14,4,887.0,387.0
ACATTGGCAAGGTACA,0,14,5,887.0,437.0
CAGATCTGAAGGTACA,0,14,6,887.0,487.0
CATCAAGTAAGGTACA,0,14,7,887.0,537.0
ACAAGCTAAAGGTACA,0,14,8,887.0,587.0
AGTACAAGAAGGTACA,1,14,9,887.0,637.0
AACAACCAAAGGTACA,1,14,10,887.0,687.0
AACCGAGAAAGGTACA,1,14,11,887.0,737.0
AACGCTTAAAGGTACA,1,14,12,887.0,787.0
AAGACGGAAAGGTACA,1,14,13,887.0,837.0
AAGGTACAAAGGTACA,1,14,14,887.0,887.0
ACACAGAAAAGGTACA,1,14,15,887.0,937.0
ACAGCAGAAAGGTACA,1,14,16,887.0,987.0
ACCTCCAAAAGGTACA,1,14,17,887.0,1037.0
ACGTATCAAAGGTACA,1,14,18,887.0,1087.0
ACTATGCAAAGGTACA,1,14,19,887.0,1137.0
AGAGTCAAAAGGTACA,1,14,20,887.0,1187.0
AACGTGATAAGGTACA,1,14,21,887.0,1237.0
AGCAGGAAAAGGTACA,1,14,22,887.0,1287.0
AGTCACTAAAGGTACA,1,14,23,887.0,1337.0
ATCCTGTAAAGGTACA,1,14,24,887.0,1387.0
GCCAAGACAAGGTACA,1,14,25,887.0,1437.0
CAACCACAAAGGTACA,1,14,26,887.0,1487.0
GACTAGTAAAGGTACA,1,14,27,887.0,1537.0
CAATGGAAAAGGTACA,1,14,28,887.0,1587.0
CACTTCGAAAGGTACA,1,14,29,887.0,1637.0
CAGCGTTAAAGGTACA,1,14,30,887.0,1687.0
CATACCAAAAGGTACA,1,14,31,887.0,1737.0
CCAGTTCAAAGGTACA,1,14,32,887.0,1787.0
CCGAAGTAAAGGTACA,1,14,33,887.0,1837.0
CGAACTTAAAGGTACA,1,14,34,887.0,1887.0
CGCATACAAAGGTACA,1,14,35,887.0,1937.0
CTCAATGAAAGGTACA,1,14,36,887.0,1987.0
CTGGCATAAAGGTACA,1,14,37,887.0,2037.0
GAATCTGAAAGGTACA,1,14,38,887.0,2087.0
CAAGACTAAAGGTACA,1,14,39,887.0,2137.0
GAGCTGAAAAGGTACA,1,14,40,887.0,2187.0
GATAGACAAAGGTACA,1,14,41,887.0,2237.0
GCCACATAAAGGTACA,1,14,42,887.0,2287.0
GCGAGTAAAAGGTACA,1,14,43,887.0,2337.0
GCTAACGAAAGGTACA,1,14,44,887.0,2387.0
GGAGAACAAAGGTACA,1,14,45,887.0,2437.0
GTACGCAAAAGGTACA,1,14,46,887.0,2487.0
GTCGTAGAAAGGTACA,1,14,47,887.0,2537.0
GTCTGTCAAAGGTACA,1,14,48,887.0,2587.0
GTGTTCTAAAGGTACA,1,14,49,887.0,2637.0
TAGGATGAAAGGTACA,1,14,50,887.0,2687.0
AGATCGCAACACAGAA,0,15,1,937.0,237.0
ATGCCTAAACACAGAA,0,15,2,937.0,287.0
AGTGGTCAACACAGAA,0,15,3,937.0,337.0
ACCACTGTACACAGAA,0,15,4,937.0,387.0
ACATTGGCACACAGAA,0,15,5,937.0,437.0
CAGATCTGACACAGAA,0,15,6,937.0,487.0
CATCAAGTACACAGAA,0,15,7,937.0,537.0
ACAAGCTAACACAGAA,1,15,8,937.0,587.0
AGTACAAGACACAGAA,1,15,9,937.0,637.0
AACAACCAACACAGAA,1,15,10,937.0,687.0
AACCGAGAACACAGAA,1,15,11,937.0,737.0
AACGCTTAACACAGAA,1,15,12,937.0,787.0
AAGACGGAACACAGAA,1,15,13,937.0,837.0
AAGGTACAACACAGAA,1,15,14,937.0,887.0
ACACAGAAACACAGAA,1,15,15,937.0,937.0
ACAGCAGAACACAGAA,1,15,16,937.0,987.0
ACCTCCAAACACAGAA,1,15,17,937.0,1037.0
ACGTATCAACACAGAA,1,15,18,937.0,1087.0
ACTATGCAACACAGAA,1,15,19,937.0,1137.0
AGAGTCAAACACAGAA,1,15,20,937.0,1187.0
AACGTGATACACAGAA,1,15,21,937.0,1237.0
AGCAGGAAACACAGAA,1,15,22,937.0,1287.0
AGTCACTAACACAGAA,1,15,23,937.0,1337.0
ATCCTGTAACACAGAA,1,15,24,937.0,1387.0
GCCAAGACACACAGAA,1,15,25,937.0,1437.0
CAACCACAACACAGAA,1,15,26,937.0,1487.0
GACTAGTAACACAGAA,1,15,27,937.0,1537.0
CAATGGAAACACAGAA,1,15,28,937.0,1587.0
CACTTCGAACACAGAA,1,15,29,937.0,1637.0
CAGCGTTAACACAGAA,1,15,30,937.0,1687.0
CATACCAAACACAGAA,1,15,31,937.0,1737.0
CCAGTTCAACACAGAA,1,15,32,937.0,1787.0
CCGAAGTAACACAGAA,1,15,33,937.0,1837.0
CGAACTTAACACAGAA,1,15,34,937.0,1887.0
CGCATACAACACAGAA,1,15,35,937.0,1937.0
CTCAATGAACACAGAA,1,15,36,937.0,1987.0
CTGGCATAACACAGAA,1,15,37,937.0,2037.0
GAATCTGAACACAGAA,1,15,38,937.0,2087.0
CAAGACTAACACAGAA,1,15,39,937.0,2137.0
GAGCTGAAACACAGAA,1,15,40,937.0,2187.0
GATAGACAACACAGAA,1,15,41,937.0,2237.0
GCCACATAACACAGAA,1,15,42,937.0,2287.0
GCGAGTAAACACAGAA,1,15,43,937.0,2337.0
GCTAACGAACACAGAA,1,15,44,937.0,2387.0
GGAGAACAACACAGAA,1,15,45,937.0,2437.0
GTACGCAAACACAGAA,1,15,46,937.0,2487.0
GTCGTAGAACACAGAA,1,15,47,937.0,2537.0
GTCTGTCAACACAGAA,1,15,48,937.0,2587.0
GTGTTCTAACACAGAA,1,15,49,937.0,2637.0
TAGGATGAACACAGAA,1,15,50,937.0,2687.0
AGATCGCAACAGCAGA,0,16,1,987.0,237.0
ATGCCTAAACAGCAGA,0,16,2,987.0,287.0
AGTGGTCAACAGCAGA,0,16,3,987.0,337.0
ACCACTGTACAGCAGA,0,16,4,987.0,387.0
ACATTGGCACAGCAGA,0,16,5,987.0,437.0
CAGATCTGACAGCAGA,0,16,6,987.0,487.0
CATCAAGTACAGCAGA,1,16,7,987.0,537.0
ACAAGCTAACAGCAGA,1,16,8,987.0,587.0
AGTACAAGACAGCAGA,1,16,9,987.0,637.0
AACAACCAACAGCAGA,1,16,10,987.0,687.0
AACCGAGAACAGCAGA,1,16,11,987.0,737.0
AACGCTTAACAGCAGA,1,16,12,987.0,787.0
AAGACGGAACAGCAGA,1,16,13,987.0,837.0
AAGGTACAACAGCAGA,1,16,14,987.0,887.0
ACACAGAAACAGCAGA,1,16,15,987.0,937.0
ACAGCAGAACAGCAGA,1,16,16,987.0,987.0
ACCTCCAAACAGCAGA,1,16,17,987.0,1037.0
ACGTATCAACAGCAGA,1,16,18,987.0,1087.0
ACTATGCAACAGCAGA,1,16,19,987.0,1137.0
AGAGTCAAACAGCAGA,1,16,20,987.0,1187.0
AACGTGATACAGCAGA,1,16,21,987.0,1237.0
AGCAGGAAACAGCAGA,1,16,22,987.0,1287.0
AGTCACTAACAGCAGA,1,16,23,987.0,1337.0
ATCCTGTAACAGCAGA,1,16,24,987.0,1387.0
GCCAAGACACAGCAGA,1,16,25,987.0,1437.0
CAACCACAACAGCAGA,1,16,26,987.0,1487.0
GACTAGTAACAGCAGA,1,16,27,987.0,1537.0
CAATGGAAACAGCAGA,1,16,28,987.0,1587.0
CACTTCGAACAGCAGA,1,16,29,987.0,1637.0
CAGCGTTAACAGCAGA,1,16,30,987.0,1687.0
CATACCAAACAGCAGA,1,16,31,987.0,1737.0
CCAGTTCAACAGCAGA,1,16,32,987.0,1787.0
CCGAAGTAACAGCAGA,1,16,33,987.0,1837.0
CGAACTTAACAGCAGA,1,16,34,987.0,1887.0
CGCATACAACAGCAGA,1,16,35,987.0,1937.0
CTCAATGAACAGCAGA,1,16,36,987.0,1987.0
CTGGCATAACAGCAGA,1,16,37,987.0,2037.0
GAATCTGAACAGCAGA,1,16,38,987.0,2087.0
CAAGACTAACAGCAGA,1,16,39,987.0,2137.0
GAGCTGAAACAGCAGA,1,16,40,987.0,2187.0
GATAGACAACAGCAGA,1,16,41,987.0,2237.0
GCCACATAACAGCAGA,1,16,42,987.0,2287.0
GCGAGTAAACAGCAGA,1,16,43,987.0,2337.0
GCTAACGAACAGCAGA,1,16,44,987.0,2387.0
GGAGAACAACAGCAGA,1,16,45,987.0,2437.0
GTACGCAAACAGCAGA,1,16,46,987.0,2487.0
GTCGTAGAACAGCAGA,1,16,47,987.0,2537.0
GTCTGTCAACAGCAGA,1,16,48,987.0,2587.0
GTGTTCTAACAGCAGA,1,16,49,987.0,2637.0
TAGGATGAACAGCAGA,1,16,50,987.0,2687.0
AGATCGCAACCTCCAA,0,17,1,1037.0,237.0
ATGCCTAAACCTCCAA,0,17,2,1037.0,287.0
AGTGGTCAACCTCCAA,0,17,3,1037.0,337.0
ACCACTGTACCTCCAA,0,17,4,1037.0,387.0
ACATTGGCACCTCCAA,0,17,5,1037.0,437.0
CAGATCTGACCTCCAA,1,17,6,1037.0,487.0
CATCAAGTACCTCCAA,1,17,7,1037.0,537.0
ACAAGCTAACCTCCAA,1,17,8,1037.0,587.0
AGTACAAGACCTCCAA,1,17,9,1037.0,637.0
AACAACCAACCTCCAA,1,17,10,1037.0,687.0
AACCGAGAACCTCCAA,1,17,11,1037.0,737.0
AACGCTTAACCTCCAA,1,17,12,1037.0,787.0
AAGACGGAACCTCCAA,1,17,13,1037.0,837.0
AAGGTACAACCTCCAA,1,17,14,1037.0,887.0
ACACAGAAACCTCCAA,1,17,15,1037.0,937.0
ACAGCAGAACCTCCAA,1,17,16,1037.0,987.0
ACCTCCAAACCTCCAA,1,17,17,1037.0,1037.0
ACGTATCAACCTCCAA,1,17,18,1037.0,1087.0
ACTATGCAACCTCCAA,1,17,19,1037.0,1137.0
AGAGTCAAACCTCCAA,1,17,20,1037.0,1187.0
AACGTGATACCTCCAA,1,17,21,1037.0,1237.0
AGCAGGAAACCTCCAA,1,17,22,1037.0,1287.0
AGTCACTAACCTCCAA,1,17,23,1037.0,1337.0
ATCCTGTAACCTCCAA,1,17,24,1037.0,1387.0
GCCAAGACACCTCCAA,1,17,25,1037.0,1437.0
CAACCACAACCTCCAA,1,17,26,1037.0,1487.0
GACTAGTAACCTCCAA,1,17,27,1037.0,1537.0
CAATGGAAACCTCCAA,1,17,28,1037.0,1587.0
CACTTCGAACCTCCAA,1,17,29,1037.0,1637.0
CAGCGTTAACCTCCAA,1,17,30,1037.0,1687.0
CATACCAAACCTCCAA,1,17,31,1037.0,1737.0
CCAGTTCAACCTCCAA,1,17,32,1037.0,1787.0
CCGAAGTAACCTCCAA,1,17,33,1037.0,1837.0
CGAACTTAACCTCCAA,1,17,34,1037.0,1887.0
CGCATACAACCTCCAA,1,17,35,1037.0,1937.0
CTCAATGAACCTCCAA,1,17,36,1037.0,1987.0
CTGGCATAACCTCCAA,1,17,37,1037.0,2037.0
GAATCTGAACCTCCAA,1,17,38,1037.0,2087.0
CAAGACTAACCTCCAA,1,17,39,1037.0,2137.0
GAGCTGAAACCTCCAA,1,17,40,1037.0,2187.0
GATAGACAACCTCCAA,1,17,41,1037.0,2237.0
GCCACATAACCTCCAA,1,17,42,1037.0,2287.0
GCGAGTAAACCTCCAA,1,17,43,1037.0,2337.0
GCTAACGAACCTCCAA,1,17,44,1037.0,2387.0
GGAGAACAACCTCCAA,1,17,45,1037.0,2437.0
GTACGCAAACCTCCAA,1,17,46,1037.0,2487.0
GTCGTAGAACCTCCAA,1,17,47,1037.0,2537.0
GTCTGTCAACCTCCAA,1,17,48,1037.0,2587.0
GTGTTCTAACCTCCAA,1,17,49,1037.0,2637.0
TAGGATGAACCTCCAA,1,17,50,1037.0,2687.0
AGATCGCAACGTATCA,0,18,1,1087.0,237.0
ATGCCTAAACGTATCA,0,18,2,1087.0,287.0
AGTGGTCAACGTATCA,0,18,3,1087.0,337.0
ACCACTGTACGTATCA,0,18,4,1087.0,387.0
ACATTGGCACGTATCA,0,18,5,1087.0,437.0
CAGATCTGACGTATCA,1,18,6,1087.0,487.0
CATCAAGTACGTATCA,1,18,7,1087.0,537.0
ACAAGCTAACGTATCA,1,18,8,1087.0,587.0
AGTACAAGACGTATCA,1,18,9,1087.0,637.0
AACAACCAACGTATCA,1,18,10,1087.0,687.0
AACCGAGAACGTATCA,1,18,11,1087.0,737.0
AACGCTTAACGTATCA,1,18,12,1087.0,787.0
AAGACGGAACGTATCA,1,18,13,1087.0,837.0
AAGGTACAACGTATCA,1,18,14,1087.0,887.0
ACACAGAAACGTATCA,1,18,15,1087.0,937.0
ACAGCAGAACGTATCA,1,18,16,1087.0,987.0
ACCTCCAAACGTATCA,1,18,17,1087.0,1037.0
ACGTATCAACGTATCA,1,18,18,1087.0,1087.0
ACTATGCAACGTATCA,1,18,19,1087.0,1137.0
AGAGTCAAACGTATCA,1,18,20,1087.0,1187.0
AACGTGATACGTATCA,1,18,21,1087.0,1237.0
AGCAGGAAACGTATCA,1,18,22,1087.0,1287.0
AGTCACTAACGTATCA,1,18,23,1087.0,1337.0
ATCCTGTAACGTATCA,1,18,24,1087.0,1387.0
GCCAAGACACGTATCA,1,18,25,1087.0,1437.0
CAACCACAACGTATCA,1,18,26,1087.0,1487.0
GACTAGTAACGTATCA,1,18,27,1087.0,1537.0
CAATGGAAACGTATCA,1,18,28,1087.0,1587.0
CACTTCGAACGTATCA,1,18,29,1087.0,1637.0
CAGCGTTAACGTATCA,1,18,30,1087.0,1687.0
CATACCAAACGTATCA,1,18,31,1087.0,1737.0
CCAGTTCAACGTATCA,1,18,32,1087.0,1787.0
CCGAAGTAACGTATCA,1,18,33,1087.0,1837.0
CGAACTTAACGTATCA,1,18,34,1087.0,1887.0
CGCATACAACGTATCA,1,18,35,1087.0,1937.0
CTCAATGAACGTATCA,1,18,36,1087.0,1987.0
CTGGCATAACGTATCA,1,18,37,1087.0,2037.0
GAATCTGAACGTATCA,1,18,38,1087.0,2087.0
CAAGACTAACGTATCA,1,18,39,1087.0,2137.0
GAGCTGAAACGTATCA,1,18,40,1087.0,2187.0
GATAGACAACGTATCA,1,18,41,1087.0,2237.0
GCCACATAACGTATCA,1,18,42,1087.0,2287.0
GCGAGTAAACGTATCA,1,18,43,1087.0,2337.0
GCTAACGAACGTATCA,1,18,44,1087.0,2387.0
GGAGAACAACGTATCA,1,18,45,1087.0,2437.0
GTACGCAAACGTATCA,1,18,46,1087.0,2487.0
GTCGTAGAACGTATCA,1,18,47,1087.0,2537.0
GTCTGTCAACGTATCA,1,18,48,1087.0,2587.0
GTGTTCTAACGTATCA,1,18,49,1087.0,2637.0
TAGGATGAACGTATCA,1,18,50,1087.0,2687.0
AGATCGCAACTATGCA,0,19,1,1137.0,237.0
ATGCCTAAACTATGCA,0,19,2,1137.0,287.0
AGTGGTCAACTATGCA,0,19,3,1137.0,337.0
ACCACTGTACTATGCA,0,19,4,1137.0,387.0
ACATTGGCACTATGCA,1,19,5,1137.0,437.0
CAGATCTGACTATGCA,1,19,6,1137.0,487.0
CATCAAGTACTATGCA,1,19,7,1137.0,537.0
ACAAGCTAACTATGCA,1,19,8,1137.0,587.0
AGTACAAGACTATGCA,1,19,9,1137.0,637.0
AACAACCAACTATGCA,1,19,10,1137.0,687.0
AACCGAGAACTATGCA,1,19,11,1137.0,737.0
AACGCTTAACTATGCA,1,19,12,1137.0,787.0
AAGACGGAACTATGCA,1,19,13,1137.0,837.0
AAGGTACAACTATGCA,1,19,14,1137.0,887.0
ACACAGAAACTATGCA,1,19,15,1137.0,937.0
ACAGCAGAACTATGCA,1,19,16,1137.0,987.0
ACCTCCAAACTATGCA,1,19,17,1137.0,1037.0
ACGTATCAACTATGCA,1,19,18,1137.0,1087.0
ACTATGCAACTATGCA,1,19,19,1137.0,1137.0
AGAGTCAAACTATGCA,1,19,20,1137.0,1187.0
AACGTGATACTATGCA,1,19,21,1137.0,1237.0
AGCAGGAAACTATGCA,1,19,22,1137.0,1287.0
AGTCACTAACTATGCA,1,19,23,1137.0,1337.0
ATCCTGTAACTATGCA,1,19,24,1137.0,1387.0
GCCAAGACACTATGCA,1,19,25,1137.0,1437.0
CAACCACAACTATGCA,1,19,26,1137.0,1487.0
GACTAGTAACTATGCA,1,19,27,1137.0,1537.0
CAATGGAAACTATGCA,1,19,28,1137.0,1587.0
CACTTCGAACTATGCA,1,19,29,1137.0,1637.0
CAGCGTTAACTATGCA,1,19,30,1137.0,1687.0
CATACCAAACTATGCA,1,19,31,1137.0,1737.0
CCAGTTCAACTATGCA,1,19,32,1137.0,1787.0
CCGAAGTAACTATGCA,1,19,33,1137.0,1837.0
CGAACTTAACTATGCA,1,19,34,1137.0,1887.0
CGCATACAACTATGCA,1,19,35,1137.0,1937.0
CTCAATGAACTATGCA,1,19,36,1137.0,1987.0
CTGGCATAACTATGCA,1,19,37,1137.0,2037.0
GAATCTGAACTATGCA,1,19,38,1137.0,2087.0
CAAGACTAACTATGCA,1,19,39,1137.0,2137.0
GAGCTGAAACTATGCA,1,19,40,1137.0,2187.0
GATAGACAACTATGCA,1,19,41,1137.0,2237.0
GCCACATAACTATGCA,1,19,42,1137.0,2287.0
GCGAGTAAACTATGCA,1,19,43,1137.0,2337.0
GCTAACGAACTATGCA,1,19,44,1137.0,2387.0
GGAGAACAACTATGCA,1,19,45,1137.0,2437.0
GTACGCAAACTATGCA,1,19,46,1137.0,2487.0
GTCGTAGAACTATGCA,1,19,47,1137.0,2537.0
GTCTGTCAACTATGCA,1,19,48,1137.0,2587.0
GTGTTCTAACTATGCA,1,19,49,1137.0,2637.0
TAGGATGAACTATGCA,1,19,50,1137.0,2687.0
AGATCGCAAGAGTCAA,0,20,1,1187.0,237.0
ATGCCTAAAGAGTCAA,0,20,2,1187.0,287.0
AGTGGTCAAGAGTCAA,0,20,3,1187.0,337.0
ACCACTGTAGAGTCAA,0,20,4,1187.0,387.0
ACATTGGCAGAGTCAA,1,20,5,1187.0,437.0
CAGATCTGAGAGTCAA,1,20,6,1187.0,487.0
CATCAAGTAGAGTCAA,1,20,7,1187.0,537.0
ACAAGCTAAGAGTCAA,1,20,8,1187.0,587.0
AGTACAAGAGAGTCAA,1,20,9,1187.0,637.0
AACAACCAAGAGTCAA,1,20,10,1187.0,687.0
AACCGAGAAGAGTCAA,1,20,11,1187.0,737.0
AACGCTTAAGAGTCAA,1,20,12,1187.0,787.0
AAGACGGAAGAGTCAA,1,20,13,1187.0,837.0
AAGGTACAAGAGTCAA,1,20,14,1187.0,887.0
ACACAGAAAGAGTCAA,1,20,15,1187.0,937.0
ACAGCAGAAGAGTCAA,1,20,16,1187.0,987.0
ACCTCCAAAGAGTCAA,1,20,17,1187.0,1037.0
ACGTATCAAGAGTCAA,1,20,18,1187.0,1087.0
ACTATGCAAGAGTCAA,1,20,19,1187.0,1137.0
AGAGTCAAAGAGTCAA,1,20,20,1187.0,1187.0
AACGTGATAGAGTCAA,1,20,21,1187.0,1237.0
AGCAGGAAAGAGTCAA,1,20,22,1187.0,1287.0
AGTCACTAAGAGTCAA,1,20,23,1187.0,1337.0
ATCCTGTAAGAGTCAA,1,20,24,1187.0,1387.0
GCCAAGACAGAGTCAA,1,20,25,1187.0,1437.0
CAACCACAAGAGTCAA,1,20,26,1187.0,1487.0
GACTAGTAAGAGTCAA,1,20,27,1187.0,1537.0
CAATGGAAAGAGTCAA,1,20,28,1187.0,1587.0
CACTTCGAAGAGTCAA,1,20,29,1187.0,1637.0
CAGCGTTAAGAGTCAA,1,20,30,1187.0,1687.0
CATACCAAAGAGTCAA,1,20,31,1187.0,1737.0
CCAGTTCAAGAGTCAA,1,20,32,1187.0,1787.0
CCGAAGTAAGAGTCAA,1,20,33,1187.0,1837.0
CGAACTTAAGAGTCAA,1,20,34,1187.0,1887.0
CGCATACAAGAGTCAA,1,20,35,1187.0,1937.0
CTCAATGAAGAGTCAA,1,20,36,1187.0,1987.0
CTGGCATAAGAGTCAA,1,20,37,1187.0,2037.0
GAATCTGAAGAGTCAA,1,20,38,1187.0,2087.0
CAAGACTAAGAGTCAA,1,20,39,1187.0,2137.0
GAGCTGAAAGAGTCAA,1,20,40,1187.0,2187.0
GATAGACAAGAGTCAA,1,20,41,1187.0,2237.0
GCCACATAAGAGTCAA,1,20,42,1187.0,2287.0
GCGAGTAAAGAGTCAA,1,20,43,1187.0,2337.0
GCTAACGAAGAGTCAA,1,20,44,1187.0,2387.0
GGAGAACAAGAGTCAA,1,20,45,1187.0,2437.0
GTACGCAAAGAGTCAA,1,20,46,1187.0,2487.0
GTCGTAGAAGAGTCAA,1,20,47,1187.0,2537.0
GTCTGTCAAGAGTCAA,1,20,48,1187.0,2587.0
GTGTTCTAAGAGTCAA,1,20,49,1187.0,2637.0
TAGGATGAAGAGTCAA,1,20,50,1187.0,2687.0
AGATCGCAAACGTGAT,0,21,1,1237.0,237.0
ATGCCTAAAACGTGAT,0,21,2,1237.0,287.0
AGTGGTCAAACGTGAT,0,21,3,1237.0,337.0
ACCACTGTAACGTGAT,1,21,4,1237.0,387.0
ACATTGGCAACGTGAT,1,21,5,1237.0,437.0
CAGATCTGAACGTGAT,1,21,6,1237.0,487.0
CATCAAGTAACGTGAT,1,21,7,1237.0,537.0
ACAAGCTAAACGTGAT,1,21,8,1237.0,587.0
AGTACAAGAACGTGAT,1,21,9,1237.0,637.0
AACAACCAAACGTGAT,1,21,10,1237.0,687.0
AACCGAGAAACGTGAT,1,21,11,1237.0,737.0
AACGCTTAAACGTGAT,1,21,12,1237.0,787.0
AAGACGGAAACGTGAT,1,21,13,1237.0,837.0
AAGGTACAAACGTGAT,1,21,14,1237.0,887.0
ACACAGAAAACGTGAT,1,21,15,1237.0,937.0
ACAGCAGAAACGTGAT,1,21,16,1237.0,987.0
ACCTCCAAAACGTGAT,1,21,17,1237.0,1037.0
ACGTATCAAACGTGAT,1,21,18,1237.0,1087.0
ACTATGCAAACGTGAT,1,21,19,1237.0,1137.0
AGAGTCAAAACGTGAT,1,21,20,1237.0,1187.0
AACGTGATAACGTGAT,1,21,21,1237.0,1237.0
AGCAGGAAAACGTGAT,1,21,22,1237.0,1287.0
AGTCACTAAACGTGAT,1,21,23,1237.0,1337.0
ATCCTGTAAACGTGAT,1,21,24,1237.0,1387.0
GCCAAGACAACGTGAT,1,21,25,1237.0,1437.0
CAACCACAAACGTGAT,1,21,26,1237.0,1487.0
GACTAGTAAACGTGAT,1,21,27,1237.0,1537.0
CAATGGAAAACGTGAT,1,21,28,1237.0,1587.0
CACTTCGAAACGTGAT,1,21,29,1237.0,1637.0
CAGCGTTAAACGTGAT,1,21,30,1237.0,1687.0
CATACCAAAACGTGAT,1,21,31,1237.0,1737.0
CCAGTTCAAACGTGAT,1,21,32,1237.0,1787.0
CCGAAGTAAACGTGAT,1,21,33,1237.0,1837.0
CGAACTTAAACGTGAT,1,21,34,1237.0,1887.0
CGCATACAAACGTGAT,1,21,35,1237.0,1937.0
CTCAATGAAACGTGAT,1,21,36,1237.0,1987.0
CTGGCATAAACGTGAT,1,21,37,1237.0,2037.0
GAATCTGAAACGTGAT,1,21,38,1237.0,2087.0
CAAGACTAAACGTGAT,1,21,39,1237.0,2137.0
GAGCTGAAAACGTGAT,1,21,40,1237.0,2187.0
GATAGACAAACGTGAT,1,21,41,1237.0,2237.0
GCCACATAAACGTGAT,1,21,42,1237.0,2287.0
GCGAGTAAAACGTGAT,1,21,43,1237.0,2337.0
GCTAACGAAACGTGAT,1,21,44,1237.0,2387.0
GGAGAACAAACGTGAT,1,21,45,1237.0,2437.0
GTACGCAAAACGTGAT,1,21,46,1237.0,2487.0
GTCGTAGAAACGTGAT,1,21,47,1237.0,2537.0
GTCTGTCAAACGTGAT,1,21,48,1237.0,2587.0
GTGTTCTAAACGTGAT,1,21,49,1237.0,2637.0
TAGGATGAAACGTGAT,1,21,50,1237.0,2687.0
AGATCGCAAGCAGGAA,0,22,1,1287.0,237.0
ATGCCTAAAGCAGGAA,0,22,2,1287.0,287.0
AGTGGTCAAGCAGGAA,1,22,3,1287.0,337.0
ACCACTGTAGCAGGAA,1,22,4,1287.0,387.0
ACATTGGCAGCAGGAA,1,22,5,1287.0,437.0
CAGATCTGAGCAGGAA,1,22,6,1287.0,487.0
CATCAAGTAGCAGGAA,1,22,7,1287.0,537.0
ACAAGCTAAGCAGGAA,1,22,8,1287.0,587.0
AGTACAAGAGCAGGAA,1,22,9,1287.0,637.0
AACAACCAAGCAGGAA,1,22,10,1287.0,687.0
AACCGAGAAGCAGGAA,1,22,11,1287.0,737.0
AACGCTTAAGCAGGAA,1,22,12,1287.0,787.0
AAGACGGAAGCAGGAA,1,22,13,1287.0,837.0
AAGGTACAAGCAGGAA,1,22,14,1287.0,887.0
ACACAGAAAGCAGGAA,1,22,15,1287.0,937.0
ACAGCAGAAGCAGGAA,1,22,16,1287.0,987.0
ACCTCCAAAGCAGGAA,1,22,17,1287.0,1037.0
ACGTATCAAGCAGGAA,1,22,18,1287.0,1087.0
ACTATGCAAGCAGGAA,1,22,19,1287.0,1137.0
AGAGTCAAAGCAGGAA,1,22,20,1287.0,1187.0
AACGTGATAGCAGGAA,1,22,21,1287.0,1237.0
AGCAGGAAAGCAGGAA,1,22,22,1287.0,1287.0
AGTCACTAAGCAGGAA,1,22,23,1287.0,1337.0
ATCCTGTAAGCAGGAA,1,22,24,1287.0,1387.0
GCCAAGACAGCAGGAA,1,22,25,1287.0,1437.0
CAACCACAAGCAGGAA,1,22,26,1287.0,1487.0
GACTAGTAAGCAGGAA,1,22,27,1287.0,1537.0
CAATGGAAAGCAGGAA,1,22,28,1287.0,1587.0
CACTTCGAAGCAGGAA,1,22,29,1287.0,1637.0
CAGCGTTAAGCAGGAA,1,22,30,1287.0,1687.0
CATACCAAAGCAGGAA,1,22,31,1287.0,1737.0
CCAGTTCAAGCAGGAA,1,22,32,1287.0,1787.0
CCGAAGTAAGCAGGAA,1,22,33,1287.0,1837.0
CGAACTTAAGCAGGAA,1,22,34,1287.0,1887.0
CGCATACAAGCAGGAA,1,22,35,1287.0,1937.0
CTCAATGAAGCAGGAA,1,22,36,1287.0,1987.0
CTGGCATAAGCAGGAA,1,22,37,1287.0,2037.0
GAATCTGAAGCAGGAA,1,22,38,1287.0,2087.0
CAAGACTAAGCAGGAA,1,22,39,1287.0,2137.0
GAGCTGAAAGCAGGAA,1,22,40,1287.0,2187.0
GATAGACAAGCAGGAA,1,22,41,1287.0,2237.0
GCCACATAAGCAGGAA,1,22,42,1287.0,2287.0
GCGAGTAAAGCAGGAA,1,22,43,1287.0,2337.0
GCTAACGAAGCAGGAA,1,22,44,1287.0,2387.0
GGAGAACAAGCAGGAA,1,22,45,1287.0,2437.0
GTACGCAAAGCAGGAA,1,22,46,1287.0,2487.0
GTCGTAGAAGCAGGAA,1,22,47,1287.0,2537.0
GTCTGTCAAGCAGGAA,1,22,48,1287.0,2587.0
GTGTTCTAAGCAGGAA,1,22,49,1287.0,2637.0
TAGGATGAAGCAGGAA,1,22,50,1287.0,2687.0
AGATCGCAAGTCACTA,0,23,1,1337.0,237.0
ATGCCTAAAGTCACTA,0,23,2,1337.0,287.0
AGTGGTCAAGTCACTA,1,23,3,1337.0,337.0
ACCACTGTAGTCACTA,1,23,4,1337.0,387.0
ACATTGGCAGTCACTA,1,23,5,1337.0,437.0
CAGATCTGAGTCACTA,1,23,6,1337.0,487.0
CATCAAGTAGTCACTA,1,23,7,1337.0,537.0
ACAAGCTAAGTCACTA,1,23,8,1337.0,587.0
AGTACAAGAGTCACTA,1,23,9,1337.0,637.0
AACAACCAAGTCACTA,1,23,10,1337.0,687.0
AACCGAGAAGTCACTA,1,23,11,1337.0,737.0
AACGCTTAAGTCACTA,1,23,12,1337.0,787.0
AAGACGGAAGTCACTA,1,23,13,1337.0,837.0
AAGGTACAAGTCACTA,1,23,14,1337.0,887.0
ACACAGAAAGTCACTA,1,23,15,1337.0,937.0
ACAGCAGAAGTCACTA,1,23,16,1337.0,987.0
ACCTCCAAAGTCACTA,1,23,17,1337.0,1037.0
ACGTATCAAGTCACTA,1,23,18,1337.0,1087.0
ACTATGCAAGTCACTA,1,23,19,1337.0,1137.0
AGAGTCAAAGTCACTA,1,23,20,1337.0,1187.0
AACGTGATAGTCACTA,1,23,21,1337.0,1237.0
AGCAGGAAAGTCACTA,1,23,22,1337.0,1287.0
AGTCACTAAGTCACTA,1,23,23,1337.0,1337.0
ATCCTGTAAGTCACTA,1,23,24,1337.0,1387.0
GCCAAGACAGTCACTA,1,23,25,1337.0,1437.0
CAACCACAAGTCACTA,1,23,26,1337.0,1487.0
GACTAGTAAGTCACTA,1,23,27,1337.0,1537.0
CAATGGAAAGTCACTA,1,23,28,1337.0,1587.0
CACTTCGAAGTCACTA,1,23,29,1337.0,1637.0
CAGCGTTAAGTCACTA,1,23,30,1337.0,1687.0
CATACCAAAGTCACTA,1,23,31,1337.0,1737.0
CCAGTTCAAGTCACTA,1,23,32,1337.0,1787.0
CCGAAGTAAGTCACTA,1,23,33,1337.0,1837.0
CGAACTTAAGTCACTA,1,23,34,1337.0,1887.0
CGCATACAAGTCACTA,1,23,35,1337.0,1937.0
CTCAATGAAGTCACTA,1,23,36,1337.0,1987.0
CTGGCATAAGTCACTA,1,23,37,1337.0,2037.0
GAATCTGAAGTCACTA,1,23,38,1337.0,2087.0
CAAGACTAAGTCACTA,1,23,39,1337.0,2137.0
GAGCTGAAAGTCACTA,1,23,40,1337.0,2187.0
GATAGACAAGTCACTA,1,23,41,1337.0,2237.0
GCCACATAAGTCACTA,1,23,42,1337.0,2287.0
GCGAGTAAAGTCACTA,1,23,43,1337.0,2337.0
GCTAACGAAGTCACTA,1,23,44,1337.0,2387.0
GGAGAACAAGTCACTA,1,23,45,1337.0,2437.0
GTACGCAAAGTCACTA,1,23,46,1337.0,2487.0
GTCGTAGAAGTCACTA,1,23,47,1337.0,2537.0
GTCTGTCAAGTCACTA,1,23,48,1337.0,2587.0
GTGTTCTAAGTCACTA,1,23,49,1337.0,2637.0
TAGGATGAAGTCACTA,1,23,50,1337.0,2687.0
AGATCGCAATCCTGTA,0,24,1,1387.0,237.0
ATGCCTAAATCCTGTA,1,24,2,1387.0,287.0
AGTGGTCAATCCTGTA,1,24,3,1387.0,337.0
ACCACTGTATCCTGTA,1,24,4,1387.0,387.0
ACATTGGCATCCTGTA,1,24,5,1387.0,437.0
CAGATCTGATCCTGTA,1,24,6,1387.0,487.0
CATCAAGTATCCTGTA,1,24,7,1387.0,537.0
ACAAGCTAATCCTGTA,1,24,8,1387.0,587.0
AGTACAAGATCCTGTA,1,24,9,1387.0,637.0
AACAACCAATCCTGTA,1,24,10,1387.0,687.0
AACCGAGAATCCTGTA,1,24,11,1387.0,737.0
AACGCTTAATCCTGTA,1,24,12,1387.0,787.0
AAGACGGAATCCTGTA,1,24,13,1387.0,837.0
AAGGTACAATCCTGTA,1,24,14,1387.0,887.0
ACACAGAAATCCTGTA,1,24,15,1387.0,937.0
ACAGCAGAATCCTGTA,1,24,16,1387.0,987.0
ACCTCCAAATCCTGTA,1,24,17,1387.0,1037.0
ACGTATCAATCCTGTA,1,24,18,1387.0,1087.0
ACTATGCAATCCTGTA,1,24,19,1387.0,1137.0
AGAGTCAAATCCTGTA,1,24,20,1387.0,1187.0
AACGTGATATCCTGTA,1,24,21,1387.0,1237.0
AGCAGGAAATCCTGTA,1,24,22,1387.0,1287.0
AGTCACTAATCCTGTA,1,24,23,1387.0,1337.0
ATCCTGTAATCCTGTA,1,24,24,1387.0,1387.0
GCCAAGACATCCTGTA,1,24,25,1387.0,1437.0
CAACCACAATCCTGTA,1,24,26,1387.0,1487.0
GACTAGTAATCCTGTA,1,24,27,1387.0,1537.0
CAATGGAAATCCTGTA,1,24,28,1387.0,1587.0
CACTTCGAATCCTGTA,1,24,29,1387.0,1637.0
CAGCGTTAATCCTGTA,1,24,30,1387.0,1687.0
CATACCAAATCCTGTA,1,24,31,1387.0,1737.0
CCAGTTCAATCCTGTA,1,24,32,1387.0,1787.0
CCGAAGTAATCCTGTA,1,24,33,1387.0,1837.0
CGAACTTAATCCTGTA,1,24,34,1387.0,1887.0
CGCATACAATCCTGTA,1,24,35,1387.0,1937.0
CTCAATGAATCCTGTA,1,24,36,1387.0,1987.0
CTGGCATAATCCTGTA,1,24,37,1387.0,2037.0
GAATCTGAATCCTGTA,1,24,38,1387.0,2087.0
CAAGACTAATCCTGTA,1,24,39,1387.0,2137.0
GAGCTGAAATCCTGTA,1,24,40,1387.0,2187.0
GATAGACAATCCTGTA,1,24,41,1387.0,2237.0
GCCACATAATCCTGTA,1,24,42,1387.0,2287.0
GCGAGTAAATCCTGTA,1,24,43,1387.0,2337.0
GCTAACGAATCCTGTA,1,24,44,1387.0,2387.0
GGAGAACAATCCTGTA,1,24,45,1387.0,2437.0
GTACGCAAATCCTGTA,1,24,46,1387.0,2487.0
GTCGTAGAATCCTGTA,1,24,47,1387.0,2537.0
GTCTGTCAATCCTGTA,1,24,48,1387.0,2587.0
GTGTTCTAATCCTGTA,1,24,49,1387.0,2637.0
TAGGATGAATCCTGTA,1,24,50,1387.0,2687.0
AGATCGCAGCCAAGAC,0,25,1,1437.0,237.0
ATGCCTAAGCCAAGAC,1,25,2,1437.0,287.0
AGTGGTCAGCCAAGAC,1,25,3,1437.0,337.0
ACCACTGTGCCAAGAC,1,25,4,1437.0,387.0
ACATTGGCGCCAAGAC,1,25,5,1437.0,437.0
CAGATCTGGCCAAGAC,1,25,6,1437.0,487.0
CATCAAGTGCCAAGAC,1,25,7,1437.0,537.0
ACAAGCTAGCCAAGAC,1,25,8,1437.0,587.0
AGTACAAGGCCAAGAC,1,25,9,1437.0,637.0
AACAACCAGCCAAGAC,1,25,10,1437.0,687.0
AACCGAGAGCCAAGAC,1,25,11,1437.0,737.0
AACGCTTAGCCAAGAC,1,25,12,1437.0,787.0
AAGACGGAGCCAAGAC,1,25,13,1437.0,837.0
AAGGTACAGCCAAGAC,1,25,14,1437.0,887.0
ACACAGAAGCCAAGAC,1,25,15,1437.0,937.0
ACAGCAGAGCCAAGAC,1,25,16,1437.0,987.0
ACCTCCAAGCCAAGAC,1,25,17,1437.0,1037.0
ACGTATCAGCCAAGAC,1,25,18,1437.0,1087.0
ACTATGCAGCCAAGAC,1,25,19,1437.0,1137.0
AGAGTCAAGCCAAGAC,1,25,20,1437.0,1187.0
AACGTGATGCCAAGAC,1,25,21,1437.0,1237.0
AGCAGGAAGCCAAGAC,1,25,22,1437.0,1287.0
AGTCACTAGCCAAGAC,1,25,23,1437.0,1337.0
ATCCTGTAGCCAAGAC,1,25,24,1437.0,1387.0
GCCAAGACGCCAAGAC,1,25,25,1437.0,1437.0
CAACCACAGCCAAGAC,1,25,26,1437.0,1487.0
GACTAGTAGCCAAGAC,1,25,27,1437.0,1537.0
CAATGGAAGCCAAGAC,1,25,28,1437.0,1587.0
CACTTCGAGCCAAGAC,1,25,29,1437.0,1637.0
CAGCGTTAGCCAAGAC,1,25,30,1437.0,1687.0
CATACCAAGCCAAGAC,1,25,31,1437.0,1737.0
CCAGTTCAGCCAAGAC,1,25,32,1437.0,1787.0
CCGAAGTAGCCAAGAC,1,25,33,1437.0,1837.0
CGAACTTAGCCAAGAC,1,25,34,1437.0,1887.0
CGCATACAGCCAAGAC,1,25,35,1437.0,1937.0
CTCAATGAGCCAAGAC,1,25,36,1437.0,1987.0
CTGGCATAGCCAAGAC,1,25,37,1437.0,2037.0
GAATCTGAGCCAAGAC,1,25,38,1437.0,2087.0
CAAGACTAGCCAAGAC,1,25,39,1437.0,2137.0
GAGCTGAAGCCAAGAC,1,25,40,1437.0,2187.0
GATAGACAGCCAAGAC,1,25,41,1437.0,2237.0
GCCACATAGCCAAGAC,1,25,42,1437.0,2287.0
GCGAGTAAGCCAAGAC,1,25,43,1437.0,2337.0
GCTAACGAGCCAAGAC,1,25,44,1437.0,2387.0
GGAGAACAGCCAAGAC,1,25,45,1437.0,2437.0
GTACGCAAGCCAAGAC,1,25,46,1437.0,2487.0
GTCGTAGAGCCAAGAC,1,25,47,1437.0,2537.0
GTCTGTCAGCCAAGAC,1,25,48,1437.0,2587.0
GTGTTCTAGCCAAGAC,1,25,49,1437.0,2637.0
TAGGATGAGCCAAGAC,1,25,50,1437.0,2687.0
AGATCGCACAACCACA,1,26,1,1487.0,237.0
ATGCCTAACAACCACA,1,26,2,1487.0,287.0
AGTGGTCACAACCACA,1,26,3,1487.0,337.0
ACCACTGTCAACCACA,1,26,4,1487.0,387.0
ACATTGGCCAACCACA,1,26,5,1487.0,437.0
CAGATCTGCAACCACA,1,26,6,1487.0,487.0
CATCAAGTCAACCACA,1,26,7,1487.0,537.0
ACAAGCTACAACCACA,1,26,8,1487.0,587.0
AGTACAAGCAACCACA,1,26,9,1487.0,637.0
AACAACCACAACCACA,1,26,10,1487.0,687.0
AACCGAGACAACCACA,1,26,11,1487.0,737.0
AACGCTTACAACCACA,1,26,12,1487.0,787.0
AAGACGGACAACCACA,1,26,13,1487.0,837.0
AAGGTACACAACCACA,1,26,14,1487.0,887.0
ACACAGAACAACCACA,1,26,15,1487.0,937.0
ACAGCAGACAACCACA,1,26,16,1487.0,987.0
ACCTCCAACAACCACA,1,26,17,1487.0,1037.0
ACGTATCACAACCACA,1,26,18,1487.0,1087.0
ACTATGCACAACCACA,1,26,19,1487.0,1137.0
AGAGTCAACAACCACA,1,26,20,1487.0,1187.0
AACGTGATCAACCACA,1,26,21,1487.0,1237.0
AGCAGGAACAACCACA,1,26,22,1487.0,1287.0
AGTCACTACAACCACA,1,26,23,1487.0,1337.0
ATCCTGTACAACCACA,1,26,24,1487.0,1387.0
GCCAAGACCAACCACA,1,26,25,1487.0,1437.0
CAACCACACAACCACA,1,26,26,1487.0,1487.0
GACTAGTACAACCACA,1,26,27,1487.0,1537.0
CAATGGAACAACCACA,1,26,28,1487.0,1587.0
CACTTCGACAACCACA,1,26,29,1487.0,1637.0
CAGCGTTACAACCACA,1,26,30,1487.0,1687.0
CATACCAACAACCACA,1,26,31,1487.0,1737.0
CCAGTTCACAACCACA,1,26,32,1487.0,1787.0
CCGAAGTACAACCACA,1,26,33,1487.0,1837.0
CGAACTTACAACCACA,1,26,34,1487.0,1887.0
CGCATACACAACCACA,1,26,35,1487.0,1937.0
CTCAATGACAACCACA,1,26,36,1487.0,1987.0
CTGGCATACAACCACA,1,26,37,1487.0,2037.0
GAATCTGACAACCACA,1,26,38,1487.0,2087.0
CAAGACTACAACCACA,1,26,39,1487.0,2137.0
GAGCTGAACAACCACA,1,26,40,1487.0,2187.0
GATAGACACAACCACA,1,26,41,1487.0,2237.0
GCCACATACAACCACA,1,26,42,1487.0,2287.0
GCGAGTAACAACCACA,1,26,43,1487.0,2337.0
GCTAACGACAACCACA,1,26,44,1487.0,2387.0
GGAGAACACAACCACA,1,26,45,1487.0,2437.0
GTACGCAACAACCACA,1,26,46,1487.0,2487.0
GTCGTAGACAACCACA,1,26,47,1487.0,2537.0
GTCTGTCACAACCACA,1,26,48,1487.0,2587.0
GTGTTCTACAACCACA,1,26,49,1487.0,2637.0
TAGGATGACAACCACA,1,26,50,1487.0,2687.0
AGATCGCAGACTAGTA,1,27,1,1537.0,237.0
ATGCCTAAGACTAGTA,1,27,2,1537.0,287.0
AGTGGTCAGACTAGTA,1,27,3,1537.0,337.0
ACCACTGTGACTAGTA,1,27,4,1537.0,387.0
ACATTGGCGACTAGTA,1,27,5,1537.0,437.0
CAGATCTGGACTAGTA,1,27,6,1537.0,487.0
CATCAAGTGACTAGTA,1,27,7,1537.0,537.0
ACAAGCTAGACTAGTA,1,27,8,1537.0,587.0
AGTACAAGGACTAGTA,1,27,9,1537.0,637.0
AACAACCAGACTAGTA,1,27,10,1537.0,687.0
AACCGAGAGACTAGTA,1,27,11,1537.0,737.0
AACGCTTAGACTAGTA,1,27,12,1537.0,787.0
AAGACGGAGACTAGTA,1,27,13,1537.0,837.0
AAGGTACAGACTAGTA,1,27,14,1537.0,887.0
ACACAGAAGACTAGTA,1,27,15,1537.0,937.0
ACAGCAGAGACTAGTA,1,27,16,1537.0,987.0
ACCTCCAAGACTAGTA,1,27,17,1537.0,1037.0
ACGTATCAGACTAGTA,1,27,18,1537.0,1087.0
ACTATGCAGACTAGTA,1,27,19,1537.0,1137.0
AGAGTCAAGACTAGTA,1,27,20,1537.0,1187.0
AACGTGATGACTAGTA,1,27,21,1537.0,1237.0
AGCAGGAAGACTAGTA,1,27,22,1537.0,1287.0
AGTCACTAGACTAGTA,1,27,23,1537.0,1337.0
ATCCTGTAGACTAGTA,1,27,24,1537.0,1387.0
GCCAAGACGACTAGTA,1,27,25,1537.0,1437.0
CAACCACAGACTAGTA,1,27,26,1537.0,1487.0
GACTAGTAGACTAGTA,1,27,27,1537.0,1537.0
CAATGGAAGACTAGTA,1,27,28,1537.0,1587.0
CACTTCGAGACTAGTA,1,27,29,1537.0,1637.0
CAGCGTTAGACTAGTA,1,27,30,1537.0,1687.0
CATACCAAGACTAGTA,1,27,31,1537.0,1737.0
CCAGTTCAGACTAGTA,1,27,32,1537.0,1787.0
CCGAAGTAGACTAGTA,1,27,33,1537.0,1837.0
CGAACTTAGACTAGTA,1,27,34,1537.0,1887.0
CGCATACAGACTAGTA,1,27,35,1537.0,1937.0
CTCAATGAGACTAGTA,1,27,36,1537.0,1987.0
CTGGCATAGACTAGTA,1,27,37,1537.0,2037.0
GAATCTGAGACTAGTA,1,27,38,1537.0,2087.0
CAAGACTAGACTAGTA,1,27,39,1537.0,2137.0
GAGCTGAAGACTAGTA,1,27,40,1537.0,2187.0
GATAGACAGACTAGTA,1,27,41,1537.0,2237.0
GCCACATAGACTAGTA,1,27,42,1537.0,2287.0
GCGAGTAAGACTAGTA,1,27,43,1537.0,2337.0
GCTAACGAGACTAGTA,1,27,44,1537.0,2387.0
GGAGAACAGACTAGTA,1,27,45,1537.0,2437.0
GTACGCAAGACTAGTA,1,27,46,1537.0,2487.0
GTCGTAGAGACTAGTA,1,27,47,1537.0,2537.0
GTCTGTCAGACTAGTA,1,27,48,1537.0,2587.0
GTGTTCTAGACTAGTA,1,27,49,1537.0,2637.0
TAGGATGAGACTAGTA,1,27,50,1537.0,2687.0
AGATCGCACAATGGAA,1,28,1,1587.0,237.0
ATGCCTAACAATGGAA,1,28,2,1587.0,287.0
AGTGGTCACAATGGAA,1,28,3,1587.0,337.0
ACCACTGTCAATGGAA,1,28,4,1587.0,387.0
ACATTGGCCAATGGAA,1,28,5,1587.0,437.0
CAGATCTGCAATGGAA,1,28,6,1587.0,487.0
CATCAAGTCAATGGAA,1,28,7,1587.0,537.0
ACAAGCTACAATGGAA,1,28,8,1587.0,587.0
AGTACAAGCAATGGAA,1,28,9,1587.0,637.0
AACAACCACAATGGAA,1,28,10,1587.0,687.0
AACCGAGACAATGGAA,1,28,11,1587.0,737.0
AACGCTTACAATGGAA,1,28,12,1587.0,787.0
AAGACGGACAATGGAA,1,28,13,1587.0,837.0
AAGGTACACAATGGAA,1,28,14,1587.0,887.0
ACACAGAACAATGGAA,1,28,15,1587.0,937.0
ACAGCAGACAATGGAA,1,28,16,1587.0,987.0
ACCTCCAACAATGGAA,1,28,17,1587.0,1037.0
ACGTATCACAATGGAA,1,28,18,1587.0,1087.0
ACTATGCACAATGGAA,1,28,19,1587.0,1137.0
AGAGTCAACAATGGAA,1,28,20,1587.0,1187.0
AACGTGATCAATGGAA,1,28,21,1587.0,1237.0
AGCAGGAACAATGGAA,1,28,22,1587.0,1287.0
AGTCACTACAATGGAA,1,28,23,1587.0,1337.0
ATCCTGTACAATGGAA,1,28,24,1587.0,1387.0
GCCAAGACCAATGGAA,1,28,25,1587.0,1437.0
CAACCACACAATGGAA,1,28,26,1587.0,1487.0
GACTAGTACAATGGAA,1,28,27,1587.0,1537.0
CAATGGAACAATGGAA,1,28,28,1587.0,1587.0
CACTTCGACAATGGAA,1,28,29,1587.0,1637.0
CAGCGTTACAATGGAA,1,28,30,1587.0,1687.0
CATACCAACAATGGAA,1,28,31,1587.0,1737.0
CCAGTTCACAATGGAA,1,28,32,1587.0,1787.0
CCGAAGTACAATGGAA,1,28,33,1587.0,1837.0
CGAACTTACAATGGAA,1,28,34,1587.0,1887.0
CGCATACACAATGGAA,1,28,35,1587.0,1937.0
CTCAATGACAATGGAA,1,28,36,1587.0,1987.0
CTGGCATACAATGGAA,1,28,37,1587.0,2037.0
GAATCTGACAATGGAA,1,28,38,1587.0,2087.0
CAAGACTACAATGGAA,1,28,39,1587.0,2137.0
GAGCTGAACAATGGAA,1,28,40,1587.0,2187.0
GATAGACACAATGGAA,1,28,41,1587.0,2237.0
GCCACATACAATGGAA,0,28,42,1587.0,2287.0
GCGAGTAACAATGGAA,0,28,43,1587.0,2337.0
GCTAACGACAATGGAA,1,28,44,1587.0,2387.0
GGAGAACACAATGGAA,1,28,45,1587.0,2437.0
GTACGCAACAATGGAA,1,28,46,1587.0,2487.0
GTCGTAGACAATGGAA,1,28,47,1587.0,2537.0
GTCTGTCACAATGGAA,1,28,48,1587.0,2587.0
GTGTTCTACAATGGAA,1,28,49,1587.0,2637.0
TAGGATGACAATGGAA,1,28,50,1587.0,2687.0
AGATCGCACACTTCGA,1,29,1,1637.0,237.0
ATGCCTAACACTTCGA,1,29,2,1637.0,287.0
AGTGGTCACACTTCGA,1,29,3,1637.0,337.0
ACCACTGTCACTTCGA,1,29,4,1637.0,387.0
ACATTGGCCACTTCGA,1,29,5,1637.0,437.0
CAGATCTGCACTTCGA,1,29,6,1637.0,487.0
CATCAAGTCACTTCGA,1,29,7,1637.0,537.0
ACAAGCTACACTTCGA,1,29,8,1637.0,587.0
AGTACAAGCACTTCGA,1,29,9,1637.0,637.0
AACAACCACACTTCGA,1,29,10,1637.0,687.0
AACCGAGACACTTCGA,1,29,11,1637.0,737.0
AACGCTTACACTTCGA,1,29,12,1637.0,787.0
AAGACGGACACTTCGA,1,29,13,1637.0,837.0
AAGGTACACACTTCGA,1,29,14,1637.0,887.0
ACACAGAACACTTCGA,1,29,15,1637.0,937.0
ACAGCAGACACTTCGA,1,29,16,1637.0,987.0
ACCTCCAACACTTCGA,1,29,17,1637.0,1037.0
ACGTATCACACTTCGA,1,29,18,1637.0,1087.0
ACTATGCACACTTCGA,1,29,19,1637.0,1137.0
AGAGTCAACACTTCGA,1,29,20,1637.0,1187.0
AACGTGATCACTTCGA,1,29,21,1637.0,1237.0
AGCAGGAACACTTCGA,1,29,22,1637.0,1287.0
AGTCACTACACTTCGA,1,29,23,1637.0,1337.0
ATCCTGTACACTTCGA,1,29,24,1637.0,1387.0
GCCAAGACCACTTCGA,1,29,25,1637.0,1437.0
CAACCACACACTTCGA,1,29,26,1637.0,1487.0
GACTAGTACACTTCGA,1,29,27,1637.0,1537.0
CAATGGAACACTTCGA,1,29,28,1637.0,1587.0
CACTTCGACACTTCGA,1,29,29,1637.0,1637.0
CAGCGTTACACTTCGA,1,29,30,1637.0,1687.0
CATACCAACACTTCGA,1,29,31,1637.0,1737.0
CCAGTTCACACTTCGA,1,29,32,1637.0,1787.0
CCGAAGTACACTTCGA,1,29,33,1637.0,1837.0
CGAACTTACACTTCGA,1,29,34,1637.0,1887.0
CGCATACACACTTCGA,1,29,35,1637.0,1937.0
CTCAATGACACTTCGA,1,29,36,1637.0,1987.0
CTGGCATACACTTCGA,1,29,37,1637.0,2037.0
GAATCTGACACTTCGA,1,29,38,1637.0,2087.0
CAAGACTACACTTCGA,1,29,39,1637.0,2137.0
GAGCTGAACACTTCGA,1,29,40,1637.0,2187.0
GATAGACACACTTCGA,1,29,41,1637.0,2237.0
GCCACATACACTTCGA,1,29,42,1637.0,2287.0
GCGAGTAACACTTCGA,0,29,43,1637.0,2337.0
GCTAACGACACTTCGA,0,29,44,1637.0,2387.0
GGAGAACACACTTCGA,1,29,45,1637.0,2437.0
GTACGCAACACTTCGA,1,29,46,1637.0,2487.0
GTCGTAGACACTTCGA,1,29,47,1637.0,2537.0
GTCTGTCACACTTCGA,1,29,48,1637.0,2587.0
GTGTTCTACACTTCGA,1,29,49,1637.0,2637.0
TAGGATGACACTTCGA,1,29,50,1637.0,2687.0
AGATCGCACAGCGTTA,1,30,1,1687.0,237.0
ATGCCTAACAGCGTTA,1,30,2,1687.0,287.0
AGTGGTCACAGCGTTA,1,30,3,1687.0,337.0
ACCACTGTCAGCGTTA,1,30,4,1687.0,387.0
ACATTGGCCAGCGTTA,1,30,5,1687.0,437.0
CAGATCTGCAGCGTTA,1,30,6,1687.0,487.0
CATCAAGTCAGCGTTA,1,30,7,1687.0,537.0
ACAAGCTACAGCGTTA,1,30,8,1687.0,587.0
AGTACAAGCAGCGTTA,1,30,9,1687.0,637.0
AACAACCACAGCGTTA,1,30,10,1687.0,687.0
AACCGAGACAGCGTTA,1,30,11,1687.0,737.0
AACGCTTACAGCGTTA,1,30,12,1687.0,787.0
AAGACGGACAGCGTTA,1,30,13,1687.0,837.0
AAGGTACACAGCGTTA,1,30,14,1687.0,887.0
ACACAGAACAGCGTTA,1,30,15,1687.0,937.0
ACAGCAGACAGCGTTA,1,30,16,1687.0,987.0
ACCTCCAACAGCGTTA,1,30,17,1687.0,1037.0
ACGTATCACAGCGTTA,1,30,18,1687.0,1087.0
ACTATGCACAGCGTTA,1,30,19,1687.0,1137.0
AGAGTCAACAGCGTTA,1,30,20,1687.0,1187.0
AACGTGATCAGCGTTA,1,30,21,1687.0,1237.0
AGCAGGAACAGCGTTA,1,30,22,1687.0,1287.0
AGTCACTACAGCGTTA,1,30,23,1687.0,1337.0
ATCCTGTACAGCGTTA,1,30,24,1687.0,1387.0
GCCAAGACCAGCGTTA,1,30,25,1687.0,1437.0
CAACCACACAGCGTTA,1,30,26,1687.0,1487.0
GACTAGTACAGCGTTA,1,30,27,1687.0,1537.0
CAATGGAACAGCGTTA,1,30,28,1687.0,1587.0
CACTTCGACAGCGTTA,1,30,29,1687.0,1637.0
CAGCGTTACAGCGTTA,1,30,30,1687.0,1687.0
CATACCAACAGCGTTA,1,30,31,1687.0,1737.0
CCAGTTCACAGCGTTA,1,30,32,1687.0,1787.0
CCGAAGTACAGCGTTA,1,30,33,1687.0,1837.0
CGAACTTACAGCGTTA,1,30,34,1687.0,1887.0
CGCATACACAGCGTTA,1,30,35,1687.0,1937.0
CTCAATGACAGCGTTA,1,30,36,1687.0,1987.0
CTGGCATACAGCGTTA,1,30,37,1687.0,2037.0
GAATCTGACAGCGTTA,1,30,38,1687.0,2087.0
CAAGACTACAGCGTTA,1,30,39,1687.0,2137.0
GAGCTGAACAGCGTTA,1,30,40,1687.0,2187.0
GATAGACACAGCGTTA,1,30,41,1687.0,2237.0
GCCACATACAGCGTTA,1,30,42,1687.0,2287.0
GCGAGTAACAGCGTTA,1,30,43,1687.0,2337.0
GCTAACGACAGCGTTA,1,30,44,1687.0,2387.0
GGAGAACACAGCGTTA,1,30,45,1687.0,2437.0
GTACGCAACAGCGTTA,1,30,46,1687.0,2487.0
GTCGTAGACAGCGTTA,1,30,47,1687.0,2537.0
GTCTGTCACAGCGTTA,1,30,48,1687.0,2587.0
GTGTTCTACAGCGTTA,1,30,49,1687.0,2637.0
TAGGATGACAGCGTTA,1,30,50,1687.0,2687.0
AGATCGCACATACCAA,1,31,1,1737.0,237.0
ATGCCTAACATACCAA,1,31,2,1737.0,287.0
AGTGGTCACATACCAA,1,31,3,1737.0,337.0
ACCACTGTCATACCAA,1,31,4,1737.0,387.0
ACATTGGCCATACCAA,1,31,5,1737.0,437.0
CAGATCTGCATACCAA,1,31,6,1737.0,487.0
CATCAAGTCATACCAA,1,31,7,1737.0,537.0
ACAAGCTACATACCAA,1,31,8,1737.0,587.0
AGTACAAGCATACCAA,1,31,9,1737.0,637.0
AACAACCACATACCAA,1,31,10,1737.0,687.0
AACCGAGACATACCAA,1,31,11,1737.0,737.0
AACGCTTACATACCAA,1,31,12,1737.0,787.0
AAGACGGACATACCAA,1,31,13,1737.0,837.0
AAGGTACACATACCAA,1,31,14,1737.0,887.0
ACACAGAACATACCAA,1,31,15,1737.0,937.0
ACAGCAGACATACCAA,1,31,16,1737.0,987.0
ACCTCCAACATACCAA,1,31,17,1737.0,1037.0
ACGTATCACATACCAA,1,31,18,1737.0,1087.0
ACTATGCACATACCAA,1,31,19,1737.0,1137.0
AGAGTCAACATACCAA,1,31,20,1737.0,1187.0
AACGTGATCATACCAA,1,31,21,1737.0,1237.0
AGCAGGAACATACCAA,1,31,22,1737.0,1287.0
AGTCACTACATACCAA,1,31,23,1737.0,1337.0
ATCCTGTACATACCAA,1,31,24,1737.0,1387.0
GCCAAGACCATACCAA,1,31,25,1737.0,1437.0
CAACCACACATACCAA,1,31,26,1737.0,1487.0
GACTAGTACATACCAA,1,31,27,1737.0,1537.0
CAATGGAACATACCAA,1,31,28,1737.0,1587.0
CACTTCGACATACCAA,1,31,29,1737.0,1637.0
CAGCGTTACATACCAA,1,31,30,1737.0,1687.0
CATACCAACATACCAA,1,31,31,1737.0,1737.0
CCAGTTCACATACCAA,1,31,32,1737.0,1787.0
CCGAAGTACATACCAA,1,31,33,1737.0,1837.0
CGAACTTACATACCAA,1,31,34,1737.0,1887.0
CGCATACACATACCAA,1,31,35,1737.0,1937.0
CTCAATGACATACCAA,1,31,36,1737.0,1987.0
CTGGCATACATACCAA,1,31,37,1737.0,2037.0
GAATCTGACATACCAA,1,31,38,1737.0,2087.0
CAAGACTACATACCAA,1,31,39,1737.0,2137.0
GAGCTGAACATACCAA,1,31,40,1737.0,2187.0
GATAGACACATACCAA,1,31,41,1737.0,2237.0
GCCACATACATACCAA,1,31,42,1737.0,2287.0
GCGAGTAACATACCAA,1,31,43,1737.0,2337.0
GCTAACGACATACCAA,1,31,44,1737.0,2387.0
GGAGAACACATACCAA,1,31,45,1737.0,2437.0
GTACGCAACATACCAA,1,31,46,1737.0,2487.0
GTCGTAGACATACCAA,1,31,47,1737.0,2537.0
GTCTGTCACATACCAA,1,31,48,1737.0,2587.0
GTGTTCTACATACCAA,1,31,49,1737.0,2637.0
TAGGATGACATACCAA,1,31,50,1737.0,2687.0
AGATCGCACCAGTTCA,1,32,1,1787.0,237.0
ATGCCTAACCAGTTCA,1,32,2,1787.0,287.0
AGTGGTCACCAGTTCA,1,32,3,1787.0,337.0
ACCACTGTCCAGTTCA,1,32,4,1787.0,387.0
ACATTGGCCCAGTTCA,1,32,5,1787.0,437.0
CAGATCTGCCAGTTCA,1,32,6,1787.0,487.0
CATCAAGTCCAGTTCA,1,32,7,1787.0,537.0
ACAAGCTACCAGTTCA,1,32,8,1787.0,587.0
AGTACAAGCCAGTTCA,1,32,9,1787.0,637.0
AACAACCACCAGTTCA,1,32,10,1787.0,687.0
AACCGAGACCAGTTCA,1,32,11,1787.0,737.0
AACGCTTACCAGTTCA,1,32,12,1787.0,787.0
AAGACGGACCAGTTCA,1,32,13,1787.0,837.0
AAGGTACACCAGTTCA,1,32,14,1787.0,887.0
ACACAGAACCAGTTCA,1,32,15,1787.0,937.0
ACAGCAGACCAGTTCA,1,32,16,1787.0,987.0
ACCTCCAACCAGTTCA,1,32,17,1787.0,1037.0
ACGTATCACCAGTTCA,1,32,18,1787.0,1087.0
ACTATGCACCAGTTCA,1,32,19,1787.0,1137.0
AGAGTCAACCAGTTCA,1,32,20,1787.0,1187.0
AACGTGATCCAGTTCA,1,32,21,1787.0,1237.0
AGCAGGAACCAGTTCA,1,32,22,1787.0,1287.0
AGTCACTACCAGTTCA,1,32,23,1787.0,1337.0
ATCCTGTACCAGTTCA,1,32,24,1787.0,1387.0
GCCAAGACCCAGTTCA,1,32,25,1787.0,1437.0
CAACCACACCAGTTCA,1,32,26,1787.0,1487.0
GACTAGTACCAGTTCA,1,32,27,1787.0,1537.0
CAATGGAACCAGTTCA,1,32,28,1787.0,1587.0
CACTTCGACCAGTTCA,1,32,29,1787.0,1637.0
CAGCGTTACCAGTTCA,1,32,30,1787.0,1687.0
CATACCAACCAGTTCA,1,32,31,1787.0,1737.0
CCAGTTCACCAGTTCA,1,32,32,1787.0,1787.0
CCGAAGTACCAGTTCA,1,32,33,1787.0,1837.0
CGAACTTACCAGTTCA,1,32,34,1787.0,1887.0
CGCATACACCAGTTCA,1,32,35,1787.0,1937.0
CTCAATGACCAGTTCA,1,32,36,1787.0,1987.0
CTGGCATACCAGTTCA,1,32,37,1787.0,2037.0
GAATCTGACCAGTTCA,1,32,38,1787.0,2087.0
CAAGACTACCAGTTCA,1,32,39,1787.0,2137.0
GAGCTGAACCAGTTCA,1,32,40,1787.0,2187.0
GATAGACACCAGTTCA,1,32,41,1787.0,2237.0
GCCACATACCAGTTCA,1,32,42,1787.0,2287.0
GCGAGTAACCAGTTCA,1,32,43,1787.0,2337.0
GCTAACGACCAGTTCA,1,32,44,1787.0,2387.0
GGAGAACACCAGTTCA,1,32,45,1787.0,2437.0
GTACGCAACCAGTTCA,1,32,46,1787.0,2487.0
GTCGTAGACCAGTTCA,1,32,47,1787.0,2537.0
GTCTGTCACCAGTTCA,1,32,48,1787.0,2587.0
GTGTTCTACCAGTTCA,1,32,49,1787.0,2637.0
TAGGATGACCAGTTCA,1,32,50,1787.0,2687.0
AGATCGCACCGAAGTA,1,33,1,1837.0,237.0
ATGCCTAACCGAAGTA,1,33,2,1837.0,287.0
AGTGGTCACCGAAGTA,1,33,3,1837.0,337.0
ACCACTGTCCGAAGTA,1,33,4,1837.0,387.0
ACATTGGCCCGAAGTA,1,33,5,1837.0,437.0
CAGATCTGCCGAAGTA,1,33,6,1837.0,487.0
CATCAAGTCCGAAGTA,1,33,7,1837.0,537.0
ACAAGCTACCGAAGTA,1,33,8,1837.0,587.0
AGTACAAGCCGAAGTA,1,33,9,1837.0,637.0
AACAACCACCGAAGTA,1,33,10,1837.0,687.0
AACCGAGACCGAAGTA,1,33,11,1837.0,737.0
AACGCTTACCGAAGTA,1,33,12,1837.0,787.0
AAGACGGACCGAAGTA,1,33,13,1837.0,837.0
AAGGTACACCGAAGTA,1,33,14,1837.0,887.0
ACACAGAACCGAAGTA,1,33,15,1837.0,937.0
ACAGCAGACCGAAGTA,1,33,16,1837.0,987.0
ACCTCCAACCGAAGTA,1,33,17,1837.0,1037.0
ACGTATCACCGAAGTA,1,33,18,1837.0,1087.0
ACTATGCACCGAAGTA,1,33,19,1837.0,1137.0
AGAGTCAACCGAAGTA,1,33,20,1837.0,1187.0
AACGTGATCCGAAGTA,1,33,21,1837.0,1237.0
AGCAGGAACCGAAGTA,1,33,22,1837.0,1287.0
AGTCACTACCGAAGTA,1,33,23,1837.0,1337.0
ATCCTGTACCGAAGTA,1,33,24,1837.0,1387.0
GCCAAGACCCGAAGTA,1,33,25,1837.0,1437.0
CAACCACACCGAAGTA,1,33,26,1837.0,1487.0
GACTAGTACCGAAGTA,1,33,27,1837.0,1537.0
CAATGGAACCGAAGTA,1,33,28,1837.0,1587.0
CACTTCGACCGAAGTA,1,33,29,1837.0,1637.0
CAGCGTTACCGAAGTA,1,33,30,1837.0,1687.0
CATACCAACCGAAGTA,1,33,31,1837.0,1737.0
CCAGTTCACCGAAGTA,1,33,32,1837.0,1787.0
CCGAAGTACCGAAGTA,1,33,33,1837.0,1837.0
CGAACTTACCGAAGTA,1,33,34,1837.0,1887.0
CGCATACACCGAAGTA,1,33,35,1837.0,1937.0
CTCAATGACCGAAGTA,1,33,36,1837.0,1987.0
CTGGCATACCGAAGTA,1,33,37,1837.0,2037.0
GAATCTGACCGAAGTA,1,33,38,1837.0,2087.0
CAAGACTACCGAAGTA,1,33,39,1837.0,2137.0
GAGCTGAACCGAAGTA,1,33,40,1837.0,2187.0
GATAGACACCGAAGTA,1,33,41,1837.0,2237.0
GCCACATACCGAAGTA,1,33,42,1837.0,2287.0
GCGAGTAACCGAAGTA,1,33,43,1837.0,2337.0
GCTAACGACCGAAGTA,1,33,44,1837.0,2387.0
GGAGAACACCGAAGTA,1,33,45,1837.0,2437.0
GTACGCAACCGAAGTA,1,33,46,1837.0,2487.0
GTCGTAGACCGAAGTA,1,33,47,1837.0,2537.0
GTCTGTCACCGAAGTA,1,33,48,1837.0,2587.0
GTGTTCTACCGAAGTA,1,33,49,1837.0,2637.0
TAGGATGACCGAAGTA,1,33,50,1837.0,2687.0
AGATCGCACGAACTTA,1,34,1,1887.0,237.0
ATGCCTAACGAACTTA,1,34,2,1887.0,287.0
AGTGGTCACGAACTTA,1,34,3,1887.0,337.0
ACCACTGTCGAACTTA,1,34,4,1887.0,387.0
ACATTGGCCGAACTTA,1,34,5,1887.0,437.0
CAGATCTGCGAACTTA,1,34,6,1887.0,487.0
CATCAAGTCGAACTTA,1,34,7,1887.0,537.0
ACAAGCTACGAACTTA,1,34,8,1887.0,587.0
AGTACAAGCGAACTTA,1,34,9,1887.0,637.0
AACAACCACGAACTTA,1,34,10,1887.0,687.0
AACCGAGACGAACTTA,1,34,11,1887.0,737.0
AACGCTTACGAACTTA,1,34,12,1887.0,787.0
AAGACGGACGAACTTA,1,34,13,1887.0,837.0
AAGGTACACGAACTTA,1,34,14,1887.0,887.0
ACACAGAACGAACTTA,1,34,15,1887.0,937.0
ACAGCAGACGAACTTA,1,34,16,1887.0,987.0
ACCTCCAACGAACTTA,1,34,17,1887.0,1037.0
ACGTATCACGAACTTA,1,34,18,1887.0,1087.0
ACTATGCACGAACTTA,1,34,19,1887.0,1137.0
AGAGTCAACGAACTTA,1,34,20,1887.0,1187.0
AACGTGATCGAACTTA,1,34,21,1887.0,1237.0
AGCAGGAACGAACTTA,1,34,22,1887.0,1287.0
AGTCACTACGAACTTA,1,34,23,1887.0,1337.0
ATCCTGTACGAACTTA,1,34,24,1887.0,1387.0
GCCAAGACCGAACTTA,1,34,25,1887.0,1437.0
CAACCACACGAACTTA,1,34,26,1887.0,1487.0
GACTAGTACGAACTTA,1,34,27,1887.0,1537.0
CAATGGAACGAACTTA,1,34,28,1887.0,1587.0
CACTTCGACGAACTTA,1,34,29,1887.0,1637.0
CAGCGTTACGAACTTA,1,34,30,1887.0,1687.0
CATACCAACGAACTTA,1,34,31,1887.0,1737.0
CCAGTTCACGAACTTA,1,34,32,1887.0,1787.0
CCGAAGTACGAACTTA,1,34,33,1887.0,1837.0
CGAACTTACGAACTTA,1,34,34,1887.0,1887.0
CGCATACACGAACTTA,1,34,35,1887.0,1937.0
CTCAATGACGAACTTA,1,34,36,1887.0,1987.0
CTGGCATACGAACTTA,0,34,37,1887.0,2037.0
GAATCTGACGAACTTA,0,34,38,1887.0,2087.0
CAAGACTACGAACTTA,1,34,39,1887.0,2137.0
GAGCTGAACGAACTTA,1,34,40,1887.0,2187.0
GATAGACACGAACTTA,0,34,41,1887.0,2237.0
GCCACATACGAACTTA,1,34,42,1887.0,2287.0
GCGAGTAACGAACTTA,1,34,43,1887.0,2337.0
GCTAACGACGAACTTA,1,34,44,1887.0,2387.0
GGAGAACACGAACTTA,1,34,45,1887.0,2437.0
GTACGCAACGAACTTA,1,34,46,1887.0,2487.0
GTCGTAGACGAACTTA,1,34,47,1887.0,2537.0
GTCTGTCACGAACTTA,1,34,48,1887.0,2587.0
GTGTTCTACGAACTTA,1,34,49,1887.0,2637.0
TAGGATGACGAACTTA,1,34,50,1887.0,2687.0
AGATCGCACGCATACA,1,35,1,1937.0,237.0
ATGCCTAACGCATACA,1,35,2,1937.0,287.0
AGTGGTCACGCATACA,1,35,3,1937.0,337.0
ACCACTGTCGCATACA,1,35,4,1937.0,387.0
ACATTGGCCGCATACA,1,35,5,1937.0,437.0
CAGATCTGCGCATACA,1,35,6,1937.0,487.0
CATCAAGTCGCATACA,1,35,7,1937.0,537.0
ACAAGCTACGCATACA,1,35,8,1937.0,587.0
AGTACAAGCGCATACA,1,35,9,1937.0,637.0
AACAACCACGCATACA,1,35,10,1937.0,687.0
AACCGAGACGCATACA,1,35,11,1937.0,737.0
AACGCTTACGCATACA,1,35,12,1937.0,787.0
AAGACGGACGCATACA,1,35,13,1937.0,837.0
AAGGTACACGCATACA,1,35,14,1937.0,887.0
ACACAGAACGCATACA,1,35,15,1937.0,937.0
ACAGCAGACGCATACA,1,35,16,1937.0,987.0
ACCTCCAACGCATACA,1,35,17,1937.0,1037.0
ACGTATCACGCATACA,1,35,18,1937.0,1087.0
ACTATGCACGCATACA,1,35,19,1937.0,1137.0
AGAGTCAACGCATACA,1,35,20,1937.0,1187.0
AACGTGATCGCATACA,1,35,21,1937.0,1237.0
AGCAGGAACGCATACA,1,35,22,1937.0,1287.0
AGTCACTACGCATACA,1,35,23,1937.0,1337.0
ATCCTGTACGCATACA,1,35,24,1937.0,1387.0
GCCAAGACCGCATACA,1,35,25,1937.0,1437.0
CAACCACACGCATACA,1,35,26,1937.0,1487.0
GACTAGTACGCATACA,1,35,27,1937.0,1537.0
CAATGGAACGCATACA,1,35,28,1937.0,1587.0
CACTTCGACGCATACA,1,35,29,1937.0,1637.0
CAGCGTTACGCATACA,1,35,30,1937.0,1687.0
CATACCAACGCATACA,1,35,31,1937.0,1737.0
CCAGTTCACGCATACA,1,35,32,1937.0,1787.0
CCGAAGTACGCATACA,1,35,33,1937.0,1837.0
CGAACTTACGCATACA,1,35,34,1937.0,1887.0
CGCATACACGCATACA,1,35,35,1937.0,1937.0
CTCAATGACGCATACA,1,35,36,1937.0,1987.0
CTGGCATACGCATACA,1,35,37,1937.0,2037.0
GAATCTGACGCATACA,1,35,38,1937.0,2087.0
CAAGACTACGCATACA,1,35,39,1937.0,2137.0
GAGCTGAACGCATACA,0,35,40,1937.0,2187.0
GATAGACACGCATACA,0,35,41,1937.0,2237.0
GCCACATACGCATACA,1,35,42,1937.0,2287.0
GCGAGTAACGCATACA,1,35,43,1937.0,2337.0
GCTAACGACGCATACA,1,35,44,1937.0,2387.0
GGAGAACACGCATACA,1,35,45,1937.0,2437.0
GTACGCAACGCATACA,1,35,46,1937.0,2487.0
GTCGTAGACGCATACA,1,35,47,1937.0,2537.0
GTCTGTCACGCATACA,1,35,48,1937.0,2587.0
GTGTTCTACGCATACA,1,35,49,1937.0,2637.0
TAGGATGACGCATACA,1,35,50,1937.0,2687.0
AGATCGCACTCAATGA,1,36,1,1987.0,237.0
ATGCCTAACTCAATGA,1,36,2,1987.0,287.0
AGTGGTCACTCAATGA,1,36,3,1987.0,337.0
ACCACTGTCTCAATGA,1,36,4,1987.0,387.0
ACATTGGCCTCAATGA,1,36,5,1987.0,437.0
CAGATCTGCTCAATGA,1,36,6,1987.0,487.0
CATCAAGTCTCAATGA,1,36,7,1987.0,537.0
ACAAGCTACTCAATGA,1,36,8,1987.0,587.0
AGTACAAGCTCAATGA,1,36,9,1987.0,637.0
AACAACCACTCAATGA,1,36,10,1987.0,687.0
AACCGAGACTCAATGA,1,36,11,1987.0,737.0
AACGCTTACTCAATGA,1,36,12,1987.0,787.0
AAGACGGACTCAATGA,1,36,13,1987.0,837.0
AAGGTACACTCAATGA,1,36,14,1987.0,887.0
ACACAGAACTCAATGA,1,36,15,1987.0,937.0
ACAGCAGACTCAATGA,1,36,16,1987.0,987.0
ACCTCCAACTCAATGA,1,36,17,1987.0,1037.0
ACGTATCACTCAATGA,1,36,18,1987.0,1087.0
ACTATGCACTCAATGA,1,36,19,1987.0,1137.0
AGAGTCAACTCAATGA,1,36,20,1987.0,1187.0
AACGTGATCTCAATGA,1,36,21,1987.0,1237.0
AGCAGGAACTCAATGA,1,36,22,1987.0,1287.0
AGTCACTACTCAATGA,1,36,23,1987.0,1337.0
ATCCTGTACTCAATGA,1,36,24,1987.0,1387.0
GCCAAGACCTCAATGA,1,36,25,1987.0,1437.0
CAACCACACTCAATGA,1,36,26,1987.0,1487.0
GACTAGTACTCAATGA,1,36,27,1987.0,1537.0
CAATGGAACTCAATGA,1,36,28,1987.0,1587.0
CACTTCGACTCAATGA,0,36,29,1987.0,1637.0
CAGCGTTACTCAATGA,1,36,30,1987.0,1687.0
CATACCAACTCAATGA,1,36,31,1987.0,1737.0
CCAGTTCACTCAATGA,1,36,32,1987.0,1787.0
CCGAAGTACTCAATGA,1,36,33,1987.0,1837.0
CGAACTTACTCAATGA,1,36,34,1987.0,1887.0
CGCATACACTCAATGA,1,36,35,1987.0,1937.0
CTCAATGACTCAATGA,1,36,36,1987.0,1987.0
CTGGCATACTCAATGA,1,36,37,1987.0,2037.0
GAATCTGACTCAATGA,1,36,38,1987.0,2087.0
CAAGACTACTCAATGA,1,36,39,1987.0,2137.0
GAGCTGAACTCAATGA,0,36,40,1987.0,2187.0
GATAGACACTCAATGA,0,36,41,1987.0,2237.0
GCCACATACTCAATGA,1,36,42,1987.0,2287.0
GCGAGTAACTCAATGA,1,36,43,1987.0,2337.0
GCTAACGACTCAATGA,1,36,44,1987.0,2387.0
GGAGAACACTCAATGA,1,36,45,1987.0,2437.0
GTACGCAACTCAATGA,1,36,46,1987.0,2487.0
GTCGTAGACTCAATGA,1,36,47,1987.0,2537.0
GTCTGTCACTCAATGA,1,36,48,1987.0,2587.0
GTGTTCTACTCAATGA,1,36,49,1987.0,2637.0
TAGGATGACTCAATGA,1,36,50,1987.0,2687.0
AGATCGCACTGGCATA,1,37,1,2037.0,237.0
ATGCCTAACTGGCATA,1,37,2,2037.0,287.0
AGTGGTCACTGGCATA,1,37,3,2037.0,337.0
ACCACTGTCTGGCATA,1,37,4,2037.0,387.0
ACATTGGCCTGGCATA,1,37,5,2037.0,437.0
CAGATCTGCTGGCATA,1,37,6,2037.0,487.0
CATCAAGTCTGGCATA,1,37,7,2037.0,537.0
ACAAGCTACTGGCATA,1,37,8,2037.0,587.0
AGTACAAGCTGGCATA,1,37,9,2037.0,637.0
AACAACCACTGGCATA,1,37,10,2037.0,687.0
AACCGAGACTGGCATA,1,37,11,2037.0,737.0
AACGCTTACTGGCATA,1,37,12,2037.0,787.0
AAGACGGACTGGCATA,1,37,13,2037.0,837.0
AAGGTACACTGGCATA,1,37,14,2037.0,887.0
ACACAGAACTGGCATA,1,37,15,2037.0,937.0
ACAGCAGACTGGCATA,1,37,16,2037.0,987.0
ACCTCCAACTGGCATA,1,37,17,2037.0,1037.0
ACGTATCACTGGCATA,1,37,18,2037.0,1087.0
ACTATGCACTGGCATA,1,37,19,2037.0,1137.0
AGAGTCAACTGGCATA,1,37,20,2037.0,1187.0
AACGTGATCTGGCATA,1,37,21,2037.0,1237.0
AGCAGGAACTGGCATA,1,37,22,2037.0,1287.0
AGTCACTACTGGCATA,1,37,23,2037.0,1337.0
ATCCTGTACTGGCATA,1,37,24,2037.0,1387.0
GCCAAGACCTGGCATA,1,37,25,2037.0,1437.0
CAACCACACTGGCATA,1,37,26,2037.0,1487.0
GACTAGTACTGGCATA,1,37,27,2037.0,1537.0
CAATGGAACTGGCATA,1,37,28,2037.0,1587.0
CACTTCGACTGGCATA,0,37,29,2037.0,1637.0
CAGCGTTACTGGCATA,0,37,30,2037.0,1687.0
CATACCAACTGGCATA,1,37,31,2037.0,1737.0
CCAGTTCACTGGCATA,1,37,32,2037.0,1787.0
CCGAAGTACTGGCATA,1,37,33,2037.0,1837.0
CGAACTTACTGGCATA,1,37,34,2037.0,1887.0
CGCATACACTGGCATA,1,37,35,2037.0,1937.0
CTCAATGACTGGCATA,1,37,36,2037.0,1987.0
CTGGCATACTGGCATA,1,37,37,2037.0,2037.0
GAATCTGACTGGCATA,1,37,38,2037.0,2087.0
CAAGACTACTGGCATA,1,37,39,2037.0,2137.0
GAGCTGAACTGGCATA,0,37,40,2037.0,2187.0
GATAGACACTGGCATA,0,37,41,2037.0,2237.0
GCCACATACTGGCATA,1,37,42,2037.0,2287.0
GCGAGTAACTGGCATA,1,37,43,2037.0,2337.0
GCTAACGACTGGCATA,1,37,44,2037.0,2387.0
GGAGAACACTGGCATA,1,37,45,2037.0,2437.0
GTACGCAACTGGCATA,1,37,46,2037.0,2487.0
GTCGTAGACTGGCATA,1,37,47,2037.0,2537.0
GTCTGTCACTGGCATA,1,37,48,2037.0,2587.0
GTGTTCTACTGGCATA,1,37,49,2037.0,2637.0
TAGGATGACTGGCATA,1,37,50,2037.0,2687.0
AGATCGCAGAATCTGA,1,38,1,2087.0,237.0
ATGCCTAAGAATCTGA,1,38,2,2087.0,287.0
AGTGGTCAGAATCTGA,1,38,3,2087.0,337.0
ACCACTGTGAATCTGA,1,38,4,2087.0,387.0
ACATTGGCGAATCTGA,1,38,5,2087.0,437.0
CAGATCTGGAATCTGA,1,38,6,2087.0,487.0
CATCAAGTGAATCTGA,1,38,7,2087.0,537.0
ACAAGCTAGAATCTGA,1,38,8,2087.0,587.0
AGTACAAGGAATCTGA,1,38,9,2087.0,637.0
AACAACCAGAATCTGA,1,38,10,2087.0,687.0
AACCGAGAGAATCTGA,1,38,11,2087.0,737.0
AACGCTTAGAATCTGA,1,38,12,2087.0,787.0
AAGACGGAGAATCTGA,1,38,13,2087.0,837.0
AAGGTACAGAATCTGA,1,38,14,2087.0,887.0
ACACAGAAGAATCTGA,1,38,15,2087.0,937.0
ACAGCAGAGAATCTGA,1,38,16,2087.0,987.0
ACCTCCAAGAATCTGA,1,38,17,2087.0,1037.0
ACGTATCAGAATCTGA,1,38,18,2087.0,1087.0
ACTATGCAGAATCTGA,1,38,19,2087.0,1137.0
AGAGTCAAGAATCTGA,1,38,20,2087.0,1187.0
AACGTGATGAATCTGA,1,38,21,2087.0,1237.0
AGCAGGAAGAATCTGA,1,38,22,2087.0,1287.0
AGTCACTAGAATCTGA,1,38,23,2087.0,1337.0
ATCCTGTAGAATCTGA,1,38,24,2087.0,1387.0
GCCAAGACGAATCTGA,1,38,25,2087.0,1437.0
CAACCACAGAATCTGA,1,38,26,2087.0,1487.0
GACTAGTAGAATCTGA,1,38,27,2087.0,1537.0
CAATGGAAGAATCTGA,1,38,28,2087.0,1587.0
CACTTCGAGAATCTGA,1,38,29,2087.0,1637.0
CAGCGTTAGAATCTGA,0,38,30,2087.0,1687.0
CATACCAAGAATCTGA,0,38,31,2087.0,1737.0
CCAGTTCAGAATCTGA,1,38,32,2087.0,1787.0
CCGAAGTAGAATCTGA,1,38,33,2087.0,1837.0
CGAACTTAGAATCTGA,1,38,34,2087.0,1887.0
CGCATACAGAATCTGA,1,38,35,2087.0,1937.0
CTCAATGAGAATCTGA,1,38,36,2087.0,1987.0
CTGGCATAGAATCTGA,1,38,37,2087.0,2037.0
GAATCTGAGAATCTGA,0,38,38,2087.0,2087.0
CAAGACTAGAATCTGA,0,38,39,2087.0,2137.0
GAGCTGAAGAATCTGA,0,38,40,2087.0,2187.0
GATAGACAGAATCTGA,0,38,41,2087.0,2237.0
GCCACATAGAATCTGA,1,38,42,2087.0,2287.0
GCGAGTAAGAATCTGA,1,38,43,2087.0,2337.0
GCTAACGAGAATCTGA,1,38,44,2087.0,2387.0
GGAGAACAGAATCTGA,1,38,45,2087.0,2437.0
GTACGCAAGAATCTGA,1,38,46,2087.0,2487.0
GTCGTAGAGAATCTGA,1,38,47,2087.0,2537.0
GTCTGTCAGAATCTGA,1,38,48,2087.0,2587.0
GTGTTCTAGAATCTGA,1,38,49,2087.0,2637.0
TAGGATGAGAATCTGA,1,38,50,2087.0,2687.0
AGATCGCACAAGACTA,1,39,1,2137.0,237.0
ATGCCTAACAAGACTA,1,39,2,2137.0,287.0
AGTGGTCACAAGACTA,1,39,3,2137.0,337.0
ACCACTGTCAAGACTA,1,39,4,2137.0,387.0
ACATTGGCCAAGACTA,1,39,5,2137.0,437.0
CAGATCTGCAAGACTA,1,39,6,2137.0,487.0
CATCAAGTCAAGACTA,1,39,7,2137.0,537.0
ACAAGCTACAAGACTA,1,39,8,2137.0,587.0
AGTACAAGCAAGACTA,1,39,9,2137.0,637.0
AACAACCACAAGACTA,1,39,10,2137.0,687.0
AACCGAGACAAGACTA,1,39,11,2137.0,737.0
AACGCTTACAAGACTA,1,39,12,2137.0,787.0
AAGACGGACAAGACTA,1,39,13,2137.0,837.0
AAGGTACACAAGACTA,1,39,14,2137.0,887.0
ACACAGAACAAGACTA,1,39,15,2137.0,937.0
ACAGCAGACAAGACTA,1,39,16,2137.0,987.0
ACCTCCAACAAGACTA,1,39,17,2137.0,1037.0
ACGTATCACAAGACTA,1,39,18,2137.0,1087.0
ACTATGCACAAGACTA,1,39,19,2137.0,1137.0
AGAGTCAACAAGACTA,1,39,20,2137.0,1187.0
AACGTGATCAAGACTA,1,39,21,2137.0,1237.0
AGCAGGAACAAGACTA,1,39,22,2137.0,1287.0
AGTCACTACAAGACTA,1,39,23,2137.0,1337.0
ATCCTGTACAAGACTA,1,39,24,2137.0,1387.0
GCCAAGACCAAGACTA,1,39,25,2137.0,1437.0
CAACCACACAAGACTA,1,39,26,2137.0,1487.0
GACTAGTACAAGACTA,1,39,27,2137.0,1537.0
CAATGGAACAAGACTA,1,39,28,2137.0,1587.0
CACTTCGACAAGACTA,1,39,29,2137.0,1637.0
CAGCGTTACAAGACTA,1,39,30,2137.0,1687.0
CATACCAACAAGACTA,1,39,31,2137.0,1737.0
CCAGTTCACAAGACTA,0,39,32,2137.0,1787.0
CCGAAGTACAAGACTA,1,39,33,2137.0,1837.0
CGAACTTACAAGACTA,1,39,34,2137.0,1887.0
CGCATACACAAGACTA,1,39,35,2137.0,1937.0
CTCAATGACAAGACTA,1,39,36,2137.0,1987.0
CTGGCATACAAGACTA,1,39,37,2137.0,2037.0
GAATCTGACAAGACTA,0,39,38,2137.0,2087.0
CAAGACTACAAGACTA,0,39,39,2137.0,2137.0
GAGCTGAACAAGACTA,0,39,40,2137.0,2187.0
GATAGACACAAGACTA,1,39,41,2137.0,2237.0
GCCACATACAAGACTA,1,39,42,2137.0,2287.0
GCGAGTAACAAGACTA,1,39,43,2137.0,2337.0
GCTAACGACAAGACTA,1,39,44,2137.0,2387.0
GGAGAACACAAGACTA,1,39,45,2137.0,2437.0
GTACGCAACAAGACTA,1,39,46,2137.0,2487.0
GTCGTAGACAAGACTA,1,39,47,2137.0,2537.0
GTCTGTCACAAGACTA,1,39,48,2137.0,2587.0
GTGTTCTACAAGACTA,1,39,49,2137.0,2637.0
TAGGATGACAAGACTA,1,39,50,2137.0,2687.0
AGATCGCAGAGCTGAA,0,40,1,2187.0,237.0
ATGCCTAAGAGCTGAA,1,40,2,2187.0,287.0
AGTGGTCAGAGCTGAA,1,40,3,2187.0,337.0
ACCACTGTGAGCTGAA,1,40,4,2187.0,387.0
ACATTGGCGAGCTGAA,1,40,5,2187.0,437.0
CAGATCTGGAGCTGAA,1,40,6,2187.0,487.0
CATCAAGTGAGCTGAA,1,40,7,2187.0,537.0
ACAAGCTAGAGCTGAA,1,40,8,2187.0,587.0
AGTACAAGGAGCTGAA,1,40,9,2187.0,637.0
AACAACCAGAGCTGAA,1,40,10,2187.0,687.0
AACCGAGAGAGCTGAA,1,40,11,2187.0,737.0
AACGCTTAGAGCTGAA,1,40,12,2187.0,787.0
AAGACGGAGAGCTGAA,1,40,13,2187.0,837.0
AAGGTACAGAGCTGAA,1,40,14,2187.0,887.0
ACACAGAAGAGCTGAA,1,40,15,2187.0,937.0
ACAGCAGAGAGCTGAA,1,40,16,2187.0,987.0
ACCTCCAAGAGCTGAA,1,40,17,2187.0,1037.0
ACGTATCAGAGCTGAA,1,40,18,2187.0,1087.0
ACTATGCAGAGCTGAA,1,40,19,2187.0,1137.0
AGAGTCAAGAGCTGAA,1,40,20,2187.0,1187.0
AACGTGATGAGCTGAA,1,40,21,2187.0,1237.0
AGCAGGAAGAGCTGAA,1,40,22,2187.0,1287.0
AGTCACTAGAGCTGAA,1,40,23,2187.0,1337.0
ATCCTGTAGAGCTGAA,1,40,24,2187.0,1387.0
GCCAAGACGAGCTGAA,1,40,25,2187.0,1437.0
CAACCACAGAGCTGAA,1,40,26,2187.0,1487.0
GACTAGTAGAGCTGAA,1,40,27,2187.0,1537.0
CAATGGAAGAGCTGAA,1,40,28,2187.0,1587.0
CACTTCGAGAGCTGAA,1,40,29,2187.0,1637.0
CAGCGTTAGAGCTGAA,1,40,30,2187.0,1687.0
CATACCAAGAGCTGAA,1,40,31,2187.0,1737.0
CCAGTTCAGAGCTGAA,1,40,32,2187.0,1787.0
CCGAAGTAGAGCTGAA,0,40,33,2187.0,1837.0
CGAACTTAGAGCTGAA,1,40,34,2187.0,1887.0
CGCATACAGAGCTGAA,1,40,35,2187.0,1937.0
CTCAATGAGAGCTGAA,1,40,36,2187.0,1987.0
CTGGCATAGAGCTGAA,1,40,37,2187.0,2037.0
GAATCTGAGAGCTGAA,0,40,38,2187.0,2087.0
CAAGACTAGAGCTGAA,0,40,39,2187.0,2137.0
GAGCTGAAGAGCTGAA,0,40,40,2187.0,2187.0
GATAGACAGAGCTGAA,1,40,41,2187.0,2237.0
GCCACATAGAGCTGAA,1,40,42,2187.0,2287.0
GCGAGTAAGAGCTGAA,1,40,43,2187.0,2337.0
GCTAACGAGAGCTGAA,1,40,44,2187.0,2387.0
GGAGAACAGAGCTGAA,1,40,45,2187.0,2437.0
GTACGCAAGAGCTGAA,1,40,46,2187.0,2487.0
GTCGTAGAGAGCTGAA,1,40,47,2187.0,2537.0
GTCTGTCAGAGCTGAA,1,40,48,2187.0,2587.0
GTGTTCTAGAGCTGAA,1,40,49,2187.0,2637.0
TAGGATGAGAGCTGAA,1,40,50,2187.0,2687.0
AGATCGCAGATAGACA,0,41,1,2237.0,237.0
ATGCCTAAGATAGACA,1,41,2,2237.0,287.0
AGTGGTCAGATAGACA,1,41,3,2237.0,337.0
ACCACTGTGATAGACA,1,41,4,2237.0,387.0
ACATTGGCGATAGACA,1,41,5,2237.0,437.0
CAGATCTGGATAGACA,1,41,6,2237.0,487.0
CATCAAGTGATAGACA,1,41,7,2237.0,537.0
ACAAGCTAGATAGACA,1,41,8,2237.0,587.0
AGTACAAGGATAGACA,1,41,9,2237.0,637.0
AACAACCAGATAGACA,1,41,10,2237.0,687.0
AACCGAGAGATAGACA,1,41,11,2237.0,737.0
AACGCTTAGATAGACA,1,41,12,2237.0,787.0
AAGACGGAGATAGACA,1,41,13,2237.0,837.0
AAGGTACAGATAGACA,1,41,14,2237.0,887.0
ACACAGAAGATAGACA,1,41,15,2237.0,937.0
ACAGCAGAGATAGACA,1,41,16,2237.0,987.0
ACCTCCAAGATAGACA,1,41,17,2237.0,1037.0
ACGTATCAGATAGACA,1,41,18,2237.0,1087.0
ACTATGCAGATAGACA,1,41,19,2237.0,1137.0
AGAGTCAAGATAGACA,1,41,20,2237.0,1187.0
AACGTGATGATAGACA,1,41,21,2237.0,1237.0
AGCAGGAAGATAGACA,1,41,22,2237.0,1287.0
AGTCACTAGATAGACA,1,41,23,2237.0,1337.0
ATCCTGTAGATAGACA,1,41,24,2237.0,1387.0
GCCAAGACGATAGACA,1,41,25,2237.0,1437.0
CAACCACAGATAGACA,1,41,26,2237.0,1487.0
GACTAGTAGATAGACA,1,41,27,2237.0,1537.0
CAATGGAAGATAGACA,1,41,28,2237.0,1587.0
CACTTCGAGATAGACA,1,41,29,2237.0,1637.0
CAGCGTTAGATAGACA,1,41,30,2237.0,1687.0
CATACCAAGATAGACA,1,41,31,2237.0,1737.0
CCAGTTCAGATAGACA,1,41,32,2237.0,1787.0
CCGAAGTAGATAGACA,1,41,33,2237.0,1837.0
CGAACTTAGATAGACA,0,41,34,2237.0,1887.0
CGCATACAGATAGACA,0,41,35,2237.0,1937.0
CTCAATGAGATAGACA,0,41,36,2237.0,1987.0
CTGGCATAGATAGACA,0,41,37,2237.0,2037.0
GAATCTGAGATAGACA,0,41,38,2237.0,2087.0
CAAGACTAGATAGACA,0,41,39,2237.0,2137.0
GAGCTGAAGATAGACA,0,41,40,2237.0,2187.0
GATAGACAGATAGACA,0,41,41,2237.0,2237.0
GCCACATAGATAGACA,1,41,42,2237.0,2287.0
GCGAGTAAGATAGACA,1,41,43,2237.0,2337.0
GCTAACGAGATAGACA,1,41,44,2237.0,2387.0
GGAGAACAGATAGACA,1,41,45,2237.0,2437.0
GTACGCAAGATAGACA,1,41,46,2237.0,2487.0
GTCGTAGAGATAGACA,1,41,47,2237.0,2537.0
GTCTGTCAGATAGACA,1,41,48,2237.0,2587.0
GTGTTCTAGATAGACA,1,41,49,2237.0,2637.0
TAGGATGAGATAGACA,1,41,50,2237.0,2687.0
AGATCGCAGCCACATA,0,42,1,2287.0,237.0
ATGCCTAAGCCACATA,0,42,2,2287.0,287.0
AGTGGTCAGCCACATA,1,42,3,2287.0,337.0
ACCACTGTGCCACATA,1,42,4,2287.0,387.0
ACATTGGCGCCACATA,1,42,5,2287.0,437.0
CAGATCTGGCCACATA,1,42,6,2287.0,487.0
CATCAAGTGCCACATA,1,42,7,2287.0,537.0
ACAAGCTAGCCACATA,1,42,8,2287.0,587.0
AGTACAAGGCCACATA,1,42,9,2287.0,637.0
AACAACCAGCCACATA,1,42,10,2287.0,687.0
AACCGAGAGCCACATA,1,42,11,2287.0,737.0
AACGCTTAGCCACATA,1,42,12,2287.0,787.0
AAGACGGAGCCACATA,1,42,13,2287.0,837.0
AAGGTACAGCCACATA,1,42,14,2287.0,887.0
ACACAGAAGCCACATA,1,42,15,2287.0,937.0
ACAGCAGAGCCACATA,1,42,16,2287.0,987.0
ACCTCCAAGCCACATA,1,42,17,2287.0,1037.0
ACGTATCAGCCACATA,1,42,18,2287.0,1087.0
ACTATGCAGCCACATA,1,42,19,2287.0,1137.0
AGAGTCAAGCCACATA,1,42,20,2287.0,1187.0
AACGTGATGCCACATA,1,42,21,2287.0,1237.0
AGCAGGAAGCCACATA,1,42,22,2287.0,1287.0
AGTCACTAGCCACATA,1,42,23,2287.0,1337.0
ATCCTGTAGCCACATA,1,42,24,2287.0,1387.0
GCCAAGACGCCACATA,1,42,25,2287.0,1437.0
CAACCACAGCCACATA,1,42,26,2287.0,1487.0
GACTAGTAGCCACATA,1,42,27,2287.0,1537.0
CAATGGAAGCCACATA,1,42,28,2287.0,1587.0
CACTTCGAGCCACATA,1,42,29,2287.0,1637.0
CAGCGTTAGCCACATA,1,42,30,2287.0,1687.0
CATACCAAGCCACATA,1,42,31,2287.0,1737.0
CCAGTTCAGCCACATA,1,42,32,2287.0,1787.0
CCGAAGTAGCCACATA,1,42,33,2287.0,1837.0
CGAACTTAGCCACATA,1,42,34,2287.0,1887.0
CGCATACAGCCACATA,0,42,35,2287.0,1937.0
CTCAATGAGCCACATA,0,42,36,2287.0,1987.0
CTGGCATAGCCACATA,0,42,37,2287.0,2037.0
GAATCTGAGCCACATA,0,42,38,2287.0,2087.0
CAAGACTAGCCACATA,0,42,39,2287.0,2137.0
GAGCTGAAGCCACATA,0,42,40,2287.0,2187.0
GATAGACAGCCACATA,0,42,41,2287.0,2237.0
GCCACATAGCCACATA,1,42,42,2287.0,2287.0
GCGAGTAAGCCACATA,1,42,43,2287.0,2337.0
GCTAACGAGCCACATA,1,42,44,2287.0,2387.0
GGAGAACAGCCACATA,1,42,45,2287.0,2437.0
GTACGCAAGCCACATA,1,42,46,2287.0,2487.0
GTCGTAGAGCCACATA,1,42,47,2287.0,2537.0
GTCTGTCAGCCACATA,1,42,48,2287.0,2587.0
GTGTTCTAGCCACATA,1,42,49,2287.0,2637.0
TAGGATGAGCCACATA,1,42,50,2287.0,2687.0
AGATCGCAGCGAGTAA,0,43,1,2337.0,237.0
ATGCCTAAGCGAGTAA,0,43,2,2337.0,287.0
AGTGGTCAGCGAGTAA,1,43,3,2337.0,337.0
ACCACTGTGCGAGTAA,1,43,4,2337.0,387.0
ACATTGGCGCGAGTAA,1,43,5,2337.0,437.0
CAGATCTGGCGAGTAA,1,43,6,2337.0,487.0
CATCAAGTGCGAGTAA,1,43,7,2337.0,537.0
ACAAGCTAGCGAGTAA,1,43,8,2337.0,587.0
AGTACAAGGCGAGTAA,1,43,9,2337.0,637.0
AACAACCAGCGAGTAA,1,43,10,2337.0,687.0
AACCGAGAGCGAGTAA,1,43,11,2337.0,737.0
AACGCTTAGCGAGTAA,1,43,12,2337.0,787.0
AAGACGGAGCGAGTAA,1,43,13,2337.0,837.0
AAGGTACAGCGAGTAA,1,43,14,2337.0,887.0
ACACAGAAGCGAGTAA,1,43,15,2337.0,937.0
ACAGCAGAGCGAGTAA,1,43,16,2337.0,987.0
ACCTCCAAGCGAGTAA,1,43,17,2337.0,1037.0
ACGTATCAGCGAGTAA,1,43,18,2337.0,1087.0
ACTATGCAGCGAGTAA,1,43,19,2337.0,1137.0
AGAGTCAAGCGAGTAA,1,43,20,2337.0,1187.0
AACGTGATGCGAGTAA,1,43,21,2337.0,1237.0
AGCAGGAAGCGAGTAA,1,43,22,2337.0,1287.0
AGTCACTAGCGAGTAA,1,43,23,2337.0,1337.0
ATCCTGTAGCGAGTAA,1,43,24,2337.0,1387.0
GCCAAGACGCGAGTAA,1,43,25,2337.0,1437.0
CAACCACAGCGAGTAA,1,43,26,2337.0,1487.0
GACTAGTAGCGAGTAA,1,43,27,2337.0,1537.0
CAATGGAAGCGAGTAA,1,43,28,2337.0,1587.0
CACTTCGAGCGAGTAA,1,43,29,2337.0,1637.0
CAGCGTTAGCGAGTAA,1,43,30,2337.0,1687.0
CATACCAAGCGAGTAA,1,43,31,2337.0,1737.0
CCAGTTCAGCGAGTAA,1,43,32,2337.0,1787.0
CCGAAGTAGCGAGTAA,1,43,33,2337.0,1837.0
CGAACTTAGCGAGTAA,1,43,34,2337.0,1887.0
CGCATACAGCGAGTAA,1,43,35,2337.0,1937.0
CTCAATGAGCGAGTAA,0,43,36,2337.0,1987.0
CTGGCATAGCGAGTAA,0,43,37,2337.0,2037.0
GAATCTGAGCGAGTAA,0,43,38,2337.0,2087.0
CAAGACTAGCGAGTAA,0,43,39,2337.0,2137.0
GAGCTGAAGCGAGTAA,0,43,40,2337.0,2187.0
GATAGACAGCGAGTAA,0,43,41,2337.0,2237.0
GCCACATAGCGAGTAA,0,43,42,2337.0,2287.0
GCGAGTAAGCGAGTAA,1,43,43,2337.0,2337.0
GCTAACGAGCGAGTAA,1,43,44,2337.0,2387.0
GGAGAACAGCGAGTAA,1,43,45,2337.0,2437.0
GTACGCAAGCGAGTAA,1,43,46,2337.0,2487.0
GTCGTAGAGCGAGTAA,1,43,47,2337.0,2537.0
GTCTGTCAGCGAGTAA,1,43,48,2337.0,2587.0
GTGTTCTAGCGAGTAA,1,43,49,2337.0,2637.0
TAGGATGAGCGAGTAA,1,43,50,2337.0,2687.0
AGATCGCAGCTAACGA,0,44,1,2387.0,237.0
ATGCCTAAGCTAACGA,0,44,2,2387.0,287.0
AGTGGTCAGCTAACGA,1,44,3,2387.0,337.0
ACCACTGTGCTAACGA,1,44,4,2387.0,387.0
ACATTGGCGCTAACGA,1,44,5,2387.0,437.0
CAGATCTGGCTAACGA,1,44,6,2387.0,487.0
CATCAAGTGCTAACGA,1,44,7,2387.0,537.0
ACAAGCTAGCTAACGA,1,44,8,2387.0,587.0
AGTACAAGGCTAACGA,1,44,9,2387.0,637.0
AACAACCAGCTAACGA,1,44,10,2387.0,687.0
AACCGAGAGCTAACGA,1,44,11,2387.0,737.0
AACGCTTAGCTAACGA,1,44,12,2387.0,787.0
AAGACGGAGCTAACGA,1,44,13,2387.0,837.0
AAGGTACAGCTAACGA,1,44,14,2387.0,887.0
ACACAGAAGCTAACGA,1,44,15,2387.0,937.0
ACAGCAGAGCTAACGA,1,44,16,2387.0,987.0
ACCTCCAAGCTAACGA,1,44,17,2387.0,1037.0
ACGTATCAGCTAACGA,1,44,18,2387.0,1087.0
ACTATGCAGCTAACGA,1,44,19,2387.0,1137.0
AGAGTCAAGCTAACGA,1,44,20,2387.0,1187.0
AACGTGATGCTAACGA,1,44,21,2387.0,1237.0
AGCAGGAAGCTAACGA,1,44,22,2387.0,1287.0
AGTCACTAGCTAACGA,1,44,23,2387.0,1337.0
ATCCTGTAGCTAACGA,1,44,24,2387.0,1387.0
GCCAAGACGCTAACGA,1,44,25,2387.0,1437.0
CAACCACAGCTAACGA,1,44,26,2387.0,1487.0
GACTAGTAGCTAACGA,1,44,27,2387.0,1537.0
CAATGGAAGCTAACGA,1,44,28,2387.0,1587.0
CACTTCGAGCTAACGA,1,44,29,2387.0,1637.0
CAGCGTTAGCTAACGA,1,44,30,2387.0,1687.0
CATACCAAGCTAACGA,1,44,31,2387.0,1737.0
CCAGTTCAGCTAACGA,1,44,32,2387.0,1787.0
CCGAAGTAGCTAACGA,1,44,33,2387.0,1837.0
CGAACTTAGCTAACGA,1,44,34,2387.0,1887.0
CGCATACAGCTAACGA,1,44,35,2387.0,1937.0
CTCAATGAGCTAACGA,1,44,36,2387.0,1987.0
CTGGCATAGCTAACGA,1,44,37,2387.0,2037.0
GAATCTGAGCTAACGA,0,44,38,2387.0,2087.0
CAAGACTAGCTAACGA,0,44,39,2387.0,2137.0
GAGCTGAAGCTAACGA,0,44,40,2387.0,2187.0
GATAGACAGCTAACGA,0,44,41,2387.0,2237.0
GCCACATAGCTAACGA,0,44,42,2387.0,2287.0
GCGAGTAAGCTAACGA,0,44,43,2387.0,2337.0
GCTAACGAGCTAACGA,1,44,44,2387.0,2387.0
GGAGAACAGCTAACGA,1,44,45,2387.0,2437.0
GTACGCAAGCTAACGA,1,44,46,2387.0,2487.0
GTCGTAGAGCTAACGA,1,44,47,2387.0,2537.0
GTCTGTCAGCTAACGA,1,44,48,2387.0,2587.0
GTGTTCTAGCTAACGA,1,44,49,2387.0,2637.0
TAGGATGAGCTAACGA,1,44,50,2387.0,2687.0
AGATCGCAGGAGAACA,0,45,1,2437.0,237.0
ATGCCTAAGGAGAACA,0,45,2,2437.0,287.0
AGTGGTCAGGAGAACA,0,45,3,2437.0,337.0
ACCACTGTGGAGAACA,1,45,4,2437.0,387.0
ACATTGGCGGAGAACA,1,45,5,2437.0,437.0
CAGATCTGGGAGAACA,1,45,6,2437.0,487.0
CATCAAGTGGAGAACA,1,45,7,2437.0,537.0
ACAAGCTAGGAGAACA,1,45,8,2437.0,587.0
AGTACAAGGGAGAACA,1,45,9,2437.0,637.0
AACAACCAGGAGAACA,1,45,10,2437.0,687.0
AACCGAGAGGAGAACA,1,45,11,2437.0,737.0
AACGCTTAGGAGAACA,1,45,12,2437.0,787.0
AAGACGGAGGAGAACA,1,45,13,2437.0,837.0
AAGGTACAGGAGAACA,1,45,14,2437.0,887.0
ACACAGAAGGAGAACA,1,45,15,2437.0,937.0
ACAGCAGAGGAGAACA,1,45,16,2437.0,987.0
ACCTCCAAGGAGAACA,1,45,17,2437.0,1037.0
ACGTATCAGGAGAACA,1,45,18,2437.0,1087.0
ACTATGCAGGAGAACA,1,45,19,2437.0,1137.0
AGAGTCAAGGAGAACA,1,45,20,2437.0,1187.0
AACGTGATGGAGAACA,1,45,21,2437.0,1237.0
AGCAGGAAGGAGAACA,1,45,22,2437.0,1287.0
AGTCACTAGGAGAACA,1,45,23,2437.0,1337.0
ATCCTGTAGGAGAACA,1,45,24,2437.0,1387.0
GCCAAGACGGAGAACA,1,45,25,2437.0,1437.0
CAACCACAGGAGAACA,1,45,26,2437.0,1487.0
GACTAGTAGGAGAACA,1,45,27,2437.0,1537.0
CAATGGAAGGAGAACA,1,45,28,2437.0,1587.0
CACTTCGAGGAGAACA,1,45,29,2437.0,1637.0
CAGCGTTAGGAGAACA,1,45,30,2437.0,1687.0
CATACCAAGGAGAACA,1,45,31,2437.0,1737.0
CCAGTTCAGGAGAACA,1,45,32,2437.0,1787.0
CCGAAGTAGGAGAACA,1,45,33,2437.0,1837.0
CGAACTTAGGAGAACA,1,45,34,2437.0,1887.0
CGCATACAGGAGAACA,1,45,35,2437.0,1937.0
CTCAATGAGGAGAACA,1,45,36,2437.0,1987.0
CTGGCATAGGAGAACA,1,45,37,2437.0,2037.0
GAATCTGAGGAGAACA,1,45,38,2437.0,2087.0
CAAGACTAGGAGAACA,0,45,39,2437.0,2137.0
GAGCTGAAGGAGAACA,0,45,40,2437.0,2187.0
GATAGACAGGAGAACA,0,45,41,2437.0,2237.0
GCCACATAGGAGAACA,0,45,42,2437.0,2287.0
GCGAGTAAGGAGAACA,0,45,43,2437.0,2337.0
GCTAACGAGGAGAACA,0,45,44,2437.0,2387.0
GGAGAACAGGAGAACA,1,45,45,2437.0,2437.0
GTACGCAAGGAGAACA,1,45,46,2437.0,2487.0
GTCGTAGAGGAGAACA,1,45,47,2437.0,2537.0
GTCTGTCAGGAGAACA,1,45,48,2437.0,2587.0
GTGTTCTAGGAGAACA,1,45,49,2437.0,2637.0
TAGGATGAGGAGAACA,1,45,50,2437.0,2687.0
AGATCGCAGTACGCAA,0,46,1,2487.0,237.0
ATGCCTAAGTACGCAA,0,46,2,2487.0,287.0
AGTGGTCAGTACGCAA,0,46,3,2487.0,337.0
ACCACTGTGTACGCAA,1,46,4,2487.0,387.0
ACATTGGCGTACGCAA,1,46,5,2487.0,437.0
CAGATCTGGTACGCAA,1,46,6,2487.0,487.0
CATCAAGTGTACGCAA,1,46,7,2487.0,537.0
ACAAGCTAGTACGCAA,1,46,8,2487.0,587.0
AGTACAAGGTACGCAA,1,46,9,2487.0,637.0
AACAACCAGTACGCAA,1,46,10,2487.0,687.0
AACCGAGAGTACGCAA,1,46,11,2487.0,737.0
AACGCTTAGTACGCAA,1,46,12,2487.0,787.0
AAGACGGAGTACGCAA,1,46,13,2487.0,837.0
AAGGTACAGTACGCAA,1,46,14,2487.0,887.0
ACACAGAAGTACGCAA,1,46,15,2487.0,937.0
ACAGCAGAGTACGCAA,1,46,16,2487.0,987.0
ACCTCCAAGTACGCAA,1,46,17,2487.0,1037.0
ACGTATCAGTACGCAA,1,46,18,2487.0,1087.0
ACTATGCAGTACGCAA,1,46,19,2487.0,1137.0
AGAGTCAAGTACGCAA,1,46,20,2487.0,1187.0
AACGTGATGTACGCAA,1,46,21,2487.0,1237.0
AGCAGGAAGTACGCAA,1,46,22,2487.0,1287.0
AGTCACTAGTACGCAA,1,46,23,2487.0,1337.0
ATCCTGTAGTACGCAA,1,46,24,2487.0,1387.0
GCCAAGACGTACGCAA,1,46,25,2487.0,1437.0
CAACCACAGTACGCAA,1,46,26,2487.0,1487.0
GACTAGTAGTACGCAA,1,46,27,2487.0,1537.0
CAATGGAAGTACGCAA,1,46,28,2487.0,1587.0
CACTTCGAGTACGCAA,1,46,29,2487.0,1637.0
CAGCGTTAGTACGCAA,1,46,30,2487.0,1687.0
CATACCAAGTACGCAA,1,46,31,2487.0,1737.0
CCAGTTCAGTACGCAA,1,46,32,2487.0,1787.0
CCGAAGTAGTACGCAA,1,46,33,2487.0,1837.0
CGAACTTAGTACGCAA,1,46,34,2487.0,1887.0
CGCATACAGTACGCAA,1,46,35,2487.0,1937.0
CTCAATGAGTACGCAA,1,46,36,2487.0,1987.0
CTGGCATAGTACGCAA,1,46,37,2487.0,2037.0
GAATCTGAGTACGCAA,0,46,38,2487.0,2087.0
CAAGACTAGTACGCAA,0,46,39,2487.0,2137.0
GAGCTGAAGTACGCAA,0,46,40,2487.0,2187.0
GATAGACAGTACGCAA,0,46,41,2487.0,2237.0
GCCACATAGTACGCAA,0,46,42,2487.0,2287.0
GCGAGTAAGTACGCAA,0,46,43,2487.0,2337.0
GCTAACGAGTACGCAA,0,46,44,2487.0,2387.0
GGAGAACAGTACGCAA,1,46,45,2487.0,2437.0
GTACGCAAGTACGCAA,1,46,46,2487.0,2487.0
GTCGTAGAGTACGCAA,1,46,47,2487.0,2537.0
GTCTGTCAGTACGCAA,1,46,48,2487.0,2587.0
GTGTTCTAGTACGCAA,1,46,49,2487.0,2637.0
TAGGATGAGTACGCAA,1,46,50,2487.0,2687.0
AGATCGCAGTCGTAGA,0,47,1,2537.0,237.0
ATGCCTAAGTCGTAGA,0,47,2,2537.0,287.0
AGTGGTCAGTCGTAGA,0,47,3,2537.0,337.0
ACCACTGTGTCGTAGA,0,47,4,2537.0,387.0
ACATTGGCGTCGTAGA,1,47,5,2537.0,437.0
CAGATCTGGTCGTAGA,1,47,6,2537.0,487.0
CATCAAGTGTCGTAGA,1,47,7,2537.0,537.0
ACAAGCTAGTCGTAGA,1,47,8,2537.0,587.0
AGTACAAGGTCGTAGA,1,47,9,2537.0,637.0
AACAACCAGTCGTAGA,1,47,10,2537.0,687.0
AACCGAGAGTCGTAGA,1,47,11,2537.0,737.0
AACGCTTAGTCGTAGA,1,47,12,2537.0,787.0
AAGACGGAGTCGTAGA,1,47,13,2537.0,837.0
AAGGTACAGTCGTAGA,1,47,14,2537.0,887.0
ACACAGAAGTCGTAGA,1,47,15,2537.0,937.0
ACAGCAGAGTCGTAGA,1,47,16,2537.0,987.0
ACCTCCAAGTCGTAGA,1,47,17,2537.0,1037.0
ACGTATCAGTCGTAGA,1,47,18,2537.0,1087.0
ACTATGCAGTCGTAGA,1,47,19,2537.0,1137.0
AGAGTCAAGTCGTAGA,1,47,20,2537.0,1187.0
AACGTGATGTCGTAGA,1,47,21,2537.0,1237.0
AGCAGGAAGTCGTAGA,1,47,22,2537.0,1287.0
AGTCACTAGTCGTAGA,1,47,23,2537.0,1337.0
ATCCTGTAGTCGTAGA,1,47,24,2537.0,1387.0
GCCAAGACGTCGTAGA,1,47,25,2537.0,1437.0
CAACCACAGTCGTAGA,1,47,26,2537.0,1487.0
GACTAGTAGTCGTAGA,1,47,27,2537.0,1537.0
CAATGGAAGTCGTAGA,1,47,28,2537.0,1587.0
CACTTCGAGTCGTAGA,1,47,29,2537.0,1637.0
CAGCGTTAGTCGTAGA,1,47,30,2537.0,1687.0
CATACCAAGTCGTAGA,1,47,31,2537.0,1737.0
CCAGTTCAGTCGTAGA,1,47,32,2537.0,1787.0
CCGAAGTAGTCGTAGA,1,47,33,2537.0,1837.0
CGAACTTAGTCGTAGA,1,47,34,2537.0,1887.0
CGCATACAGTCGTAGA,1,47,35,2537.0,1937.0
CTCAATGAGTCGTAGA,1,47,36,2537.0,1987.0
CTGGCATAGTCGTAGA,0,47,37,2537.0,2037.0
GAATCTGAGTCGTAGA,0,47,38,2537.0,2087.0
CAAGACTAGTCGTAGA,0,47,39,2537.0,2137.0
GAGCTGAAGTCGTAGA,0,47,40,2537.0,2187.0
GATAGACAGTCGTAGA,0,47,41,2537.0,2237.0
GCCACATAGTCGTAGA,0,47,42,2537.0,2287.0
GCGAGTAAGTCGTAGA,0,47,43,2537.0,2337.0
GCTAACGAGTCGTAGA,0,47,44,2537.0,2387.0
GGAGAACAGTCGTAGA,1,47,45,2537.0,2437.0
GTACGCAAGTCGTAGA,1,47,46,2537.0,2487.0
GTCGTAGAGTCGTAGA,1,47,47,2537.0,2537.0
GTCTGTCAGTCGTAGA,1,47,48,2537.0,2587.0
GTGTTCTAGTCGTAGA,1,47,49,2537.0,2637.0
TAGGATGAGTCGTAGA,1,47,50,2537.0,2687.0
AGATCGCAGTCTGTCA,0,48,1,2587.0,237.0
ATGCCTAAGTCTGTCA,0,48,2,2587.0,287.0
AGTGGTCAGTCTGTCA,0,48,3,2587.0,337.0
ACCACTGTGTCTGTCA,0,48,4,2587.0,387.0
ACATTGGCGTCTGTCA,0,48,5,2587.0,437.0
CAGATCTGGTCTGTCA,1,48,6,2587.0,487.0
CATCAAGTGTCTGTCA,1,48,7,2587.0,537.0
ACAAGCTAGTCTGTCA,1,48,8,2587.0,587.0
AGTACAAGGTCTGTCA,1,48,9,2587.0,637.0
AACAACCAGTCTGTCA,1,48,10,2587.0,687.0
AACCGAGAGTCTGTCA,1,48,11,2587.0,737.0
AACGCTTAGTCTGTCA,1,48,12,2587.0,787.0
AAGACGGAGTCTGTCA,1,48,13,2587.0,837.0
AAGGTACAGTCTGTCA,1,48,14,2587.0,887.0
ACACAGAAGTCTGTCA,1,48,15,2587.0,937.0
ACAGCAGAGTCTGTCA,1,48,16,2587.0,987.0
ACCTCCAAGTCTGTCA,1,48,17,2587.0,1037.0
ACGTATCAGTCTGTCA,1,48,18,2587.0,1087.0
ACTATGCAGTCTGTCA,1,48,19,2587.0,1137.0
AGAGTCAAGTCTGTCA,1,48,20,2587.0,1187.0
AACGTGATGTCTGTCA,1,48,21,2587.0,1237.0
AGCAGGAAGTCTGTCA,1,48,22,2587.0,1287.0
AGTCACTAGTCTGTCA,1,48,23,2587.0,1337.0
ATCCTGTAGTCTGTCA,1,48,24,2587.0,1387.0
GCCAAGACGTCTGTCA,1,48,25,2587.0,1437.0
CAACCACAGTCTGTCA,1,48,26,2587.0,1487.0
GACTAGTAGTCTGTCA,1,48,27,2587.0,1537.0
CAATGGAAGTCTGTCA,1,48,28,2587.0,1587.0
CACTTCGAGTCTGTCA,1,48,29,2587.0,1637.0
CAGCGTTAGTCTGTCA,1,48,30,2587.0,1687.0
CATACCAAGTCTGTCA,1,48,31,2587.0,1737.0
CCAGTTCAGTCTGTCA,1,48,32,2587.0,1787.0
CCGAAGTAGTCTGTCA,1,48,33,2587.0,1837.0
CGAACTTAGTCTGTCA,1,48,34,2587.0,1887.0
CGCATACAGTCTGTCA,0,48,35,2587.0,1937.0
CTCAATGAGTCTGTCA,0,48,36,2587.0,1987.0
CTGGCATAGTCTGTCA,0,48,37,2587.0,2037.0
GAATCTGAGTCTGTCA,0,48,38,2587.0,2087.0
CAAGACTAGTCTGTCA,0,48,39,2587.0,2137.0
GAGCTGAAGTCTGTCA,0,48,40,2587.0,2187.0
GATAGACAGTCTGTCA,0,48,41,2587.0,2237.0
GCCACATAGTCTGTCA,0,48,42,2587.0,2287.0
GCGAGTAAGTCTGTCA,0,48,43,2587.0,2337.0
GCTAACGAGTCTGTCA,0,48,44,2587.0,2387.0
GGAGAACAGTCTGTCA,0,48,45,2587.0,2437.0
GTACGCAAGTCTGTCA,0,48,46,2587.0,2487.0
GTCGTAGAGTCTGTCA,1,48,47,2587.0,2537.0
GTCTGTCAGTCTGTCA,1,48,48,2587.0,2587.0
GTGTTCTAGTCTGTCA,1,48,49,2587.0,2637.0
TAGGATGAGTCTGTCA,1,48,50,2587.0,2687.0
AGATCGCAGTGTTCTA,0,49,1,2637.0,237.0
ATGCCTAAGTGTTCTA,0,49,2,2637.0,287.0
AGTGGTCAGTGTTCTA,0,49,3,2637.0,337.0
ACCACTGTGTGTTCTA,0,49,4,2637.0,387.0
ACATTGGCGTGTTCTA,0,49,5,2637.0,437.0
CAGATCTGGTGTTCTA,0,49,6,2637.0,487.0
CATCAAGTGTGTTCTA,0,49,7,2637.0,537.0
ACAAGCTAGTGTTCTA,1,49,8,2637.0,587.0
AGTACAAGGTGTTCTA,1,49,9,2637.0,637.0
AACAACCAGTGTTCTA,1,49,10,2637.0,687.0
AACCGAGAGTGTTCTA,1,49,11,2637.0,737.0
AACGCTTAGTGTTCTA,1,49,12,2637.0,787.0
AAGACGGAGTGTTCTA,1,49,13,2637.0,837.0
AAGGTACAGTGTTCTA,1,49,14,2637.0,887.0
ACACAGAAGTGTTCTA,1,49,15,2637.0,937.0
ACAGCAGAGTGTTCTA,1,49,16,2637.0,987.0
ACCTCCAAGTGTTCTA,1,49,17,2637.0,1037.0
ACGTATCAGTGTTCTA,1,49,18,2637.0,1087.0
ACTATGCAGTGTTCTA,1,49,19,2637.0,1137.0
AGAGTCAAGTGTTCTA,1,49,20,2637.0,1187.0
AACGTGATGTGTTCTA,1,49,21,2637.0,1237.0
AGCAGGAAGTGTTCTA,1,49,22,2637.0,1287.0
AGTCACTAGTGTTCTA,1,49,23,2637.0,1337.0
ATCCTGTAGTGTTCTA,1,49,24,2637.0,1387.0
GCCAAGACGTGTTCTA,1,49,25,2637.0,1437.0
CAACCACAGTGTTCTA,1,49,26,2637.0,1487.0
GACTAGTAGTGTTCTA,1,49,27,2637.0,1537.0
CAATGGAAGTGTTCTA,1,49,28,2637.0,1587.0
CACTTCGAGTGTTCTA,1,49,29,2637.0,1637.0
CAGCGTTAGTGTTCTA,1,49,30,2637.0,1687.0
CATACCAAGTGTTCTA,1,49,31,2637.0,1737.0
CCAGTTCAGTGTTCTA,1,49,32,2637.0,1787.0
CCGAAGTAGTGTTCTA,1,49,33,2637.0,1837.0
CGAACTTAGTGTTCTA,0,49,34,2637.0,1887.0
CGCATACAGTGTTCTA,0,49,35,2637.0,1937.0
CTCAATGAGTGTTCTA,0,49,36,2637.0,1987.0
CTGGCATAGTGTTCTA,0,49,37,2637.0,2037.0
GAATCTGAGTGTTCTA,0,49,38,2637.0,2087.0
CAAGACTAGTGTTCTA,0,49,39,2637.0,2137.0
GAGCTGAAGTGTTCTA,0,49,40,2637.0,2187.0
GATAGACAGTGTTCTA,0,49,41,2637.0,2237.0
GCCACATAGTGTTCTA,0,49,42,2637.0,2287.0
GCGAGTAAGTGTTCTA,0,49,43,2637.0,2337.0
GCTAACGAGTGTTCTA,0,49,44,2637.0,2387.0
GGAGAACAGTGTTCTA,0,49,45,2637.0,2437.0
GTACGCAAGTGTTCTA,0,49,46,2637.0,2487.0
GTCGTAGAGTGTTCTA,0,49,47,2637.0,2537.0
GTCTGTCAGTGTTCTA,0,49,48,2637.0,2587.0
GTGTTCTAGTGTTCTA,0,49,49,2637.0,2637.0
TAGGATGAGTGTTCTA,0,49,50,2637.0,2687.0
AGATCGCATAGGATGA,0,50,1,2687.0,237.0
ATGCCTAATAGGATGA,0,50,2,2687.0,287.0
AGTGGTCATAGGATGA,0,50,3,2687.0,337.0
ACCACTGTTAGGATGA,0,50,4,2687.0,387.0
ACATTGGCTAGGATGA,0,50,5,2687.0,437.0
CAGATCTGTAGGATGA,0,50,6,2687.0,487.0
CATCAAGTTAGGATGA,0,50,7,2687.0,537.0
ACAAGCTATAGGATGA,0,50,8,2687.0,587.0
AGTACAAGTAGGATGA,1,50,9,2687.0,637.0
AACAACCATAGGATGA,1,50,10,2687.0,687.0
AACCGAGATAGGATGA,1,50,11,2687.0,737.0
AACGCTTATAGGATGA,1,50,12,2687.0,787.0
AAGACGGATAGGATGA,1,50,13,2687.0,837.0
AAGGTACATAGGATGA,1,50,14,2687.0,887.0
ACACAGAATAGGATGA,1,50,15,2687.0,937.0
ACAGCAGATAGGATGA,1,50,16,2687.0,987.0
ACCTCCAATAGGATGA,1,50,17,2687.0,1037.0
ACGTATCATAGGATGA,1,50,18,2687.0,1087.0
ACTATGCATAGGATGA,1,50,19,2687.0,1137.0
AGAGTCAATAGGATGA,1,50,20,2687.0,1187.0
AACGTGATTAGGATGA,1,50,21,2687.0,1237.0
AGCAGGAATAGGATGA,1,50,22,2687.0,1287.0
AGTCACTATAGGATGA,1,50,23,2687.0,1337.0
ATCCTGTATAGGATGA,1,50,24,2687.0,1387.0
GCCAAGACTAGGATGA,1,50,25,2687.0,1437.0
CAACCACATAGGATGA,1,50,26,2687.0,1487.0
GACTAGTATAGGATGA,1,50,27,2687.0,1537.0
CAATGGAATAGGATGA,1,50,28,2687.0,1587.0
CACTTCGATAGGATGA,1,50,29,2687.0,1637.0
CAGCGTTATAGGATGA,1,50,30,2687.0,1687.0
CATACCAATAGGATGA,1,50,31,2687.0,1737.0
CCAGTTCATAGGATGA,1,50,32,2687.0,1787.0
CCGAAGTATAGGATGA,0,50,33,2687.0,1837.0
CGAACTTATAGGATGA,0,50,34,2687.0,1887.0
CGCATACATAGGATGA,0,50,35,2687.0,1937.0
CTCAATGATAGGATGA,0,50,36,2687.0,1987.0
CTGGCATATAGGATGA,0,50,37,2687.0,2037.0
GAATCTGATAGGATGA,0,50,38,2687.0,2087.0
CAAGACTATAGGATGA,0,50,39,2687.0,2137.0
GAGCTGAATAGGATGA,0,50,40,2687.0,2187.0
GATAGACATAGGATGA,0,50,41,2687.0,2237.0
GCCACATATAGGATGA,0,50,42,2687.0,2287.0
GCGAGTAATAGGATGA,0,50,43,2687.0,2337.0
GCTAACGATAGGATGA,0,50,44,2687.0,2387.0
GGAGAACATAGGATGA,0,50,45,2687.0,2437.0
GTACGCAATAGGATGA,0,50,46,2687.0,2487.0
GTCGTAGATAGGATGA,0,50,47,2687.0,2537.0
GTCTGTCATAGGATGA,0,50,48,2687.0,2587.0
GTGTTCTATAGGATGA,0,50,49,2687.0,2637.0
TAGGATGATAGGATGA,0,50,50,2687.0,2687.0
